accel_x,accel_y,accel_z,gyro_x,gyro_y,gyro_z
0.0196533203125,-0.1727294921875,1.038818359375,16.2200927734375,-49.9725341796875,-4.241943359375
0.01953125,-0.1702880859375,1.037353515625,17.7001953125,-49.9420166015625,-4.2266845703125
0.020263671875,-0.1676025390625,1.036865234375,19.8211669921875,-49.9114990234375,-4.1961669921875
0.020263671875,-0.1632080078125,1.0379638671875,22.4609375,-49.9114990234375,-4.1961669921875
0.0205078125,-0.15771484375,1.040771484375,25.2227783203125,-49.86572265625,-4.180908203125
0.020263671875,-0.150634765625,1.0450439453125,27.4200439453125,-49.8199462890625,-4.180908203125
0.020263671875,-0.143310546875,1.0489501953125,28.472900390625,-49.774169921875,-4.180908203125
0.02001953125,-0.136474609375,1.0546875,27.923583984375,-49.7589111328125,-4.180908203125
0.02099609375,-0.1287841796875,1.0587158203125,25.8026123046875,-49.7589111328125,-4.1656494140625
0.0208740234375,-0.122802734375,1.0631103515625,22.0794677734375,-49.7283935546875,-4.150390625
0.02099609375,-0.1187744140625,1.064453125,17.2119140625,-49.713134765625,-4.1351318359375
0.020751953125,-0.1168212890625,1.0625,11.993408203125,-49.7283935546875,-4.1046142578125
0.02001953125,-0.1163330078125,1.058349609375,7.4462890625,-49.713134765625,-4.0740966796875
0.020263671875,-0.11767578125,1.05322265625,4.33349609375,-49.6826171875,-4.058837890625
0.0196533203125,-0.1187744140625,1.0523681640625,2.6702880859375,-49.6673583984375,-4.058837890625
0.0205078125,-0.11767578125,1.0526123046875,1.77001953125,-49.6826171875,-4.1046142578125
0.0205078125,-0.1173095703125,1.0526123046875,0.9002685546875,-49.6368408203125,-4.1046142578125
0.0198974609375,-0.11669921875,1.0521240234375,0.0457763671875,-49.6063232421875,-4.1046142578125
0.01953125,-0.1171875,1.050537109375,-0.518798828125,-49.591064453125,-4.119873046875
0.0189208984375,-0.11767578125,1.0482177734375,-0.4119873046875,-49.6063232421875,-4.119873046875
0.0194091796875,-0.1175537109375,1.04833984375,0.3204345703125,-49.62158203125,-4.1351318359375
0.0184326171875,-0.1156005859375,1.052490234375,0.9918212890625,-49.6826171875,-4.1656494140625
0.01806640625,-0.111572265625,1.0579833984375,0.67138671875,-49.6978759765625,-4.21142578125
0.0185546875,-0.1083984375,1.06396484375,-1.5716552734375,-49.6978759765625,-4.2572021484375
0.018310546875,-0.1068115234375,1.0667724609375,-5.8746337890625,-49.7283935546875,-4.2572021484375
0.017578125,-0.109375,1.0643310546875,-11.260986328125,-49.713134765625,-4.241943359375
0.017333984375,-0.1163330078125,1.0560302734375,-15.960693359375,-49.7283935546875,-4.1961669921875
0.017578125,-0.125,1.042724609375,-17.9290771484375,-49.7894287109375,-4.1656494140625
0.0179443359375,-0.13330078125,1.0316162109375,-15.9149169921875,-49.8199462890625,-4.1656494140625
0.01806640625,-0.13720703125,1.0252685546875,-10.1318359375,-49.835205078125,-4.21142578125
0.018310546875,-0.13525390625,1.029052734375,-2.655029296875,-49.835205078125,-4.2724609375
0.0189208984375,-0.1290283203125,1.03857421875,3.8299560546875,-49.8504638671875,-4.3182373046875
0.0189208984375,-0.12255859375,1.0469970703125,7.598876953125,-49.8046875,-4.3182373046875
0.0194091796875,-0.1197509765625,1.0506591796875,8.9111328125,-49.8504638671875,-4.2724609375
0.0191650390625,-0.1204833984375,1.0460205078125,9.5672607421875,-49.86572265625,-4.21142578125
0.0191650390625,-0.1226806640625,1.0369873046875,11.9171142578125,-49.896240234375,-4.180908203125
0.0196533203125,-0.1234130859375,1.029541015625,17.2576904296875,-49.9267578125,-4.21142578125
0.019775390625,-0.119140625,1.028564453125,25.1922607421875,-49.8809814453125,-4.2572021484375
0.0189208984375,-0.1083984375,1.0390625,33.4320068359375,-49.896240234375,-4.3487548828125
0.0189208984375,-0.091796875,1.0576171875,38.665771484375,-49.896240234375,-4.4403076171875
0.01953125,-0.0721435546875,1.0794677734375,37.78076171875,-49.9114990234375,-4.5166015625
0.0194091796875,-0.0560302734375,1.0966796875,29.3426513671875,-49.9114990234375,-4.486083984375
0.019287109375,-0.0533447265625,1.0980224609375,15.31982421875,-49.896240234375,-4.4097900390625
0.0191650390625,-0.0606689453125,1.0848388671875,0.9307861328125,-49.957275390625,-4.302978515625
0.0184326171875,-0.0745849609375,1.062255859375,-8.6212158203125,-50.0335693359375,-4.21142578125
0.0185546875,-0.0887451171875,1.0380859375,-10.223388671875,-50.079345703125,-4.180908203125
0.0181884765625,-0.0950927734375,1.025390625,-3.9520263671875,-50.10986328125,-4.2266845703125
0.0184326171875,-0.0916748046875,1.0311279296875,6.591796875,-50.140380859375,-4.3182373046875
0.017822265625,-0.0791015625,1.0489501953125,15.7928466796875,-50.10986328125,-4.425048828125
0.0185546875,-0.0621337890625,1.0709228515625,18.9666748046875,-50.1556396484375,-4.5013427734375
0.01904296875,-0.0511474609375,1.0841064453125,14.7247314453125,-50.140380859375,-4.4708251953125
0.0191650390625,-0.05224609375,1.0810546875,5.8441162109375,-50.0946044921875,-4.3792724609375
0.0201416015625,-0.0623779296875,1.0635986328125,-1.9683837890625,-50.10986328125,-4.2724609375
0.0201416015625,-0.0736083984375,1.0443115234375,-4.1046142578125,-50.10986328125,-4.21142578125
0.019775390625,-0.0794677734375,1.0330810546875,0.579833984375,-50.0946044921875,-4.1961669921875
0.0196533203125,-0.0772705078125,1.034912109375,9.552001953125,-50.079345703125,-4.21142578125
0.02001953125,-0.0662841796875,1.046875,18.0816650390625,-50.048828125,-4.302978515625
0.019775390625,-0.0491943359375,1.06591796875,21.9573974609375,-49.98779296875,-4.39453125
0.0198974609375,-0.0341796875,1.083984375,18.798828125,-49.8809814453125,-4.425048828125
0.019287109375,-0.0291748046875,1.09033203125,9.2926025390625,-49.7589111328125,-4.3792724609375
0.0186767578125,-0.0316162109375,1.0863037109375,-2.5787353515625,-49.6673583984375,-4.33349609375
0.01904296875,-0.036865234375,1.0806884765625,-13.3819580078125,-49.6368408203125,-4.302978515625
0.0189208984375,-0.04296875,1.076416015625,-22.003173828125,-49.6368408203125,-4.3182373046875
0.0189208984375,-0.048828125,1.0733642578125,-28.9154052734375,-49.652099609375,-4.3182373046875
0.018310546875,-0.05712890625,1.068359375,-34.698486328125,-49.6978759765625,-4.2877197265625
0.0184326171875,-0.0677490234375,1.0606689453125,-38.7725830078125,-49.6978759765625,-4.2266845703125
0.0186767578125,-0.0819091796875,1.0447998046875,-39.6881103515625,-49.74365234375,-4.180908203125
0.0181884765625,-0.0987548828125,1.02294921875,-35.3240966796875,-49.8199462890625,-4.1351318359375
0.018310546875,-0.1124267578125,1.003173828125,-24.10888671875,-49.835205078125,-4.119873046875
0.01904296875,-0.117431640625,0.9935302734375,-6.2255859375,-49.8504638671875,-4.1656494140625
0.0185546875,-0.109619140625,1.0040283203125,14.6636962890625,-49.9114990234375,-4.2572021484375
0.0184326171875,-0.0880126953125,1.0367431640625,31.9366455078125,-49.9725341796875,-4.364013671875
0.0185546875,-0.056396484375,1.0771484375,38.4674072265625,-50.079345703125,-4.425048828125
0.0185546875,-0.0341796875,1.10595703125,31.1126708984375,-50.10986328125,-4.3487548828125
0.0186767578125,-0.0318603515625,1.1064453125,14.129638671875,-50.018310546875,-4.2724609375
0.0194091796875,-0.045166015625,1.083984375,-2.7618408203125,-49.98779296875,-4.1351318359375
0.0181884765625,-0.065185546875,1.050048828125,-11.5814208984375,-49.98779296875,-4.0283203125
0.01806640625,-0.0816650390625,1.0233154296875,-9.1705322265625,-50.018310546875,-4.0283203125
0.0181884765625,-0.0875244140625,1.0145263671875,2.8076171875,-50.048828125,-4.0740966796875
0.0186767578125,-0.0799560546875,1.0250244140625,18.6920166015625,-50.1556396484375,-4.1351318359375
0.01904296875,-0.0611572265625,1.0489501953125,31.43310546875,-50.3387451171875,-4.150390625
0.02001953125,-0.0357666015625,1.0740966796875,35.4156494140625,-50.47607421875,-4.08935546875
0.02001953125,-0.0167236328125,1.092529296875,29.3731689453125,-50.445556640625,-4.0130615234375
0.0198974609375,-0.0150146484375,1.092529296875,16.448974609375,-50.1708984375,-4.0283203125
0.0201416015625,-0.022216796875,1.0787353515625,3.5552978515625,-49.9420166015625,-4.058837890625
0.0191650390625,-0.0330810546875,1.061767578125,-4.33349609375,-49.835205078125,-4.0435791015625
0.01904296875,-0.041259765625,1.0506591796875,-6.2713623046875,-49.8199462890625,-4.08935546875
0.0184326171875,-0.043212890625,1.0487060546875,-3.8604736328125,-49.8504638671875,-4.119873046875
0.01904296875,-0.0408935546875,1.052490234375,-0.18310546875,-49.9267578125,-4.1351318359375
0.01904296875,-0.0377197265625,1.05712890625,2.5634765625,-49.957275390625,-4.119873046875
0.019287109375,-0.0338134765625,1.061279296875,3.814697265625,-50.0030517578125,-4.1046142578125
0.0189208984375,-0.0301513671875,1.0643310546875,3.4942626953125,-49.98779296875,-4.1351318359375
0.0186767578125,-0.0279541015625,1.0667724609375,1.708984375,-49.957275390625,-4.150390625
0.01904296875,-0.02880859375,1.065673828125,-0.7781982421875,-49.9114990234375,-4.180908203125
0.0186767578125,-0.031005859375,1.0628662109375,-2.8839111328125,-49.86572265625,-4.180908203125
0.0181884765625,-0.0323486328125,1.0609130859375,-4.0283203125,-49.8504638671875,-4.1961669921875
0.0177001953125,-0.033447265625,1.058837890625,-4.1046142578125,-49.86572265625,-4.1961669921875
0.0179443359375,-0.0335693359375,1.05908203125,-3.5400390625,-49.896240234375,-4.2266845703125
0.0181884765625,-0.0330810546875,1.06005859375,-2.960205078125,-49.896240234375,-4.241943359375
0.018310546875,-0.031982421875,1.0616455078125,-2.9144287109375,-49.9114990234375,-4.2572021484375
0.017578125,-0.0311279296875,1.061767578125,-3.35693359375,-49.896240234375,-4.241943359375
0.018310546875,-0.0318603515625,1.062255859375,-3.875732421875,-49.896240234375,-4.2572021484375
0.0185546875,-0.031494140625,1.063232421875,-4.425048828125,-49.8504638671875,-4.2724609375
0.01904296875,-0.0308837890625,1.062744140625,-5.3253173828125,-49.835205078125,-4.2877197265625
0.019287109375,-0.03271484375,1.0634765625,-6.5460205078125,-49.8504638671875,-4.302978515625
0.0191650390625,-0.0343017578125,1.06201171875,-7.6141357421875,-49.8199462890625,-4.2877197265625
0.019287109375,-0.037353515625,1.0565185546875,-7.9498291015625,-49.8199462890625,-4.2877197265625
0.019287109375,-0.040771484375,1.0513916015625,-6.8511962890625,-49.8504638671875,-4.2724609375
0.0191650390625,-0.0418701171875,1.048583984375,-4.2877197265625,-49.9420166015625,-4.2572021484375
0.0185546875,-0.0408935546875,1.0501708984375,-1.129150390625,-50.0030517578125,-4.241943359375
0.0184326171875,-0.0380859375,1.0540771484375,1.617431640625,-50.0030517578125,-4.21142578125
0.0177001953125,-0.0347900390625,1.058349609375,3.2196044921875,-50.048828125,-4.1961669921875
0.0181884765625,-0.03125,1.0616455078125,3.3111572265625,-50.079345703125,-4.21142578125
0.0186767578125,-0.0296630859375,1.0618896484375,2.13623046875,-50.10986328125,-4.2266845703125
0.0186767578125,-0.0301513671875,1.0611572265625,0.5035400390625,-50.1251220703125,-4.241943359375
0.018798828125,-0.030517578125,1.058837890625,-0.6561279296875,-50.0946044921875,-4.2572021484375
0.0185546875,-0.030517578125,1.0595703125,-1.129150390625,-50.0640869140625,-4.2724609375
0.0189208984375,-0.029541015625,1.0611572265625,-1.52587890625,-50.079345703125,-4.2877197265625
0.0191650390625,-0.0283203125,1.0626220703125,-2.3193359375,-50.0335693359375,-4.33349609375
0.0191650390625,-0.0286865234375,1.0625,-3.41796875,-49.98779296875,-4.3487548828125
0.0198974609375,-0.0289306640625,1.0618896484375,-4.57763671875,-49.9420166015625,-4.364013671875
0.0201416015625,-0.0301513671875,1.0611572265625,-5.7220458984375,-49.9114990234375,-4.3792724609375
0.02001953125,-0.0323486328125,1.0599365234375,-6.5765380859375,-49.9114990234375,-4.3792724609375
0.019775390625,-0.034423828125,1.056640625,-6.6375732421875,-49.8809814453125,-4.3792724609375
0.0185546875,-0.034912109375,1.056396484375,-5.7830810546875,-49.9114990234375,-4.364013671875
0.019287109375,-0.0347900390625,1.0576171875,-4.8065185546875,-49.957275390625,-4.364013671875
0.01904296875,-0.033935546875,1.0604248046875,-4.4708251953125,-50.018310546875,-4.364013671875
0.0189208984375,-0.0338134765625,1.0611572265625,-4.8980712890625,-50.0335693359375,-4.39453125
0.0184326171875,-0.0340576171875,1.060791015625,-5.859375,-50.018310546875,-4.425048828125
0.0181884765625,-0.0352783203125,1.0614013671875,-7.0648193359375,-50.0030517578125,-4.45556640625
0.01708984375,-0.03662109375,1.0595703125,-8.148193359375,-50.0030517578125,-4.45556640625
0.0167236328125,-0.0386962890625,1.0576171875,-8.8043212890625,-50.018310546875,-4.45556640625
0.016845703125,-0.0406494140625,1.0572509765625,-8.9263916015625,-50.079345703125,-4.4403076171875
0.0167236328125,-0.042724609375,1.0565185546875,-8.575439453125,-50.0946044921875,-4.39453125
0.0147705078125,-0.0438232421875,1.055908203125,-7.7667236328125,-50.140380859375,-4.2877197265625
0.013671875,-0.04541015625,1.056396484375,-6.622314453125,-50.1708984375,-4.119873046875
0.013671875,-0.046630859375,1.0548095703125,-5.401611328125,-50.201416015625,-3.814697265625
0.0101318359375,-0.04833984375,1.05322265625,-3.90625,-50.201416015625,-3.265380859375
0.0040283203125,-0.050048828125,1.05126953125,-2.197265625,-50.2166748046875,-2.4261474609375
-0.0028076171875,-0.0506591796875,1.052001953125,-0.2593994140625,-50.23193359375,-1.2969970703125
-0.009521484375,-0.0518798828125,1.050048828125,2.01416015625,-50.384521484375,-0.06103515625
-0.0123291015625,-0.0518798828125,1.0482177734375,5.035400390625,-50.445556640625,1.0223388671875
-0.011962890625,-0.048583984375,1.05078125,8.4228515625,-50.628662109375,1.617431640625
-0.01123046875,-0.0419921875,1.0552978515625,11.322021484375,-50.8880615234375,1.556396484375
-0.009765625,-0.0343017578125,1.0625,12.51220703125,-50.933837890625,0.5645751953125
-0.0111083984375,-0.0267333984375,1.068603515625,11.322021484375,-50.7354736328125,-0.8544921875
-0.0111083984375,-0.0228271484375,1.0709228515625,8.270263671875,-50.4608154296875,-2.38037109375
-0.0233154296875,-0.024169921875,1.0687255859375,4.5166015625,-50.0640869140625,-4.0283203125
-0.0296630859375,-0.025146484375,1.0655517578125,1.312255859375,-49.7589111328125,-6.2103271484375
-0.0380859375,-0.0286865234375,1.060302734375,-0.7476806640625,-49.652099609375,-8.1939697265625
-0.0457763671875,-0.031494140625,1.0557861328125,-0.79345703125,-49.6063232421875,-10.040283203125
-0.0484619140625,-0.031494140625,1.0565185546875,0.4730224609375,-49.6063232421875,-12.51220703125
-0.0521240234375,-0.0306396484375,1.05615234375,2.1820068359375,-49.6826171875,-14.434814453125
-0.050537109375,-0.0279541015625,1.0584716796875,3.60107421875,-49.62158203125,-16.5557861328125
-0.0477294921875,-0.0250244140625,1.0606689453125,4.08935546875,-49.713134765625,-18.2342529296875
-0.049072265625,-0.0228271484375,1.06201171875,3.814697265625,-49.7283935546875,-19.134521484375
-0.051025390625,-0.0203857421875,1.0614013671875,3.0975341796875,-49.74365234375,-20.3857421875
-0.0479736328125,-0.018798828125,1.06005859375,2.6702880859375,-49.6978759765625,-21.7132568359375
-0.0474853515625,-0.01611328125,1.058837890625,2.8533935546875,-49.591064453125,-22.6593017578125
-0.045166015625,-0.0146484375,1.0574951171875,3.5858154296875,-49.9420166015625,-23.4832763671875
-0.0433349609375,-0.0111083984375,1.05859375,5.0201416015625,-49.9725341796875,-23.6053466796875
-0.0399169921875,-0.0084228515625,1.0594482421875,5.828857421875,-50.262451171875,-23.1781005859375
-0.0396728515625,-0.0054931640625,1.0601806640625,6.4849853515625,-50.1556396484375,-22.2930908203125
-0.0394287109375,-0.00341796875,1.0594482421875,6.683349609375,-50.3692626953125,-21.0113525390625
-0.0379638671875,-0.00341796875,1.0601806640625,6.8359375,-50.506591796875,-19.622802734375
-0.03857421875,-0.0025634765625,1.06103515625,6.9427490234375,-50.506591796875,-18.2952880859375
-0.039306640625,-0.000244140625,1.059814453125,6.8359375,-50.7049560546875,-17.3492431640625
-0.0391845703125,0.00341796875,1.060302734375,6.4697265625,-50.7049560546875,-16.7083740234375
-0.0330810546875,0.005126953125,1.0657958984375,5.5084228515625,-50.7659912109375,-16.2506103515625
-0.0321044921875,0.0079345703125,1.0660400390625,3.6163330078125,-50.811767578125,-15.7470703125
-0.0247802734375,0.009521484375,1.0677490234375,1.15966796875,-50.6134033203125,-15.13671875
-0.019287109375,0.008544921875,1.062255859375,-0.8392333984375,-50.6439208984375,-14.0838623046875
-0.01416015625,0.0064697265625,1.0587158203125,-1.0986328125,-50.7659912109375,-12.7716064453125
-0.0128173828125,0.005859375,1.0596923828125,-0.5340576171875,-51.0406494140625,-11.5814208984375
-0.00439453125,0.0064697265625,1.0615234375,0.1983642578125,-51.177978515625,-10.772705078125
0.0,0.0054931640625,1.061767578125,-0.335693359375,-51.239013671875,-10.0860595703125
0.0081787109375,0.004150390625,1.0614013671875,-1.220703125,-51.055908203125,-9.6893310546875
0.0205078125,0.0023193359375,1.060546875,-1.5716552734375,-50.96435546875,-8.941650390625
0.0296630859375,-0.002197265625,1.05712890625,-0.91552734375,-50.9796142578125,-7.9498291015625
0.041259765625,-0.00537109375,1.0589599609375,0.9613037109375,-50.8880615234375,-7.38525390625
0.05615234375,-0.00537109375,1.0631103515625,2.655029296875,-50.9490966796875,-7.32421875
0.0684814453125,-0.0020751953125,1.0633544921875,3.021240234375,-50.8270263671875,-7.293701171875
0.077392578125,-0.0013427734375,1.0648193359375,1.983642578125,-50.5828857421875,-7.354736328125
0.083740234375,0.0023193359375,1.0623779296875,1.2664794921875,-50.506591796875,-8.11767578125
0.09033203125,0.006591796875,1.0640869140625,0.885009765625,-50.4302978515625,-8.9111328125
0.09765625,0.0103759765625,1.0655517578125,0.3204345703125,-50.323486328125,-9.21630859375
0.103515625,0.011474609375,1.062744140625,-0.4119873046875,-50.2777099609375,-9.1400146484375
0.105712890625,0.0125732421875,1.0621337890625,-0.885009765625,-50.0640869140625,-9.0484619140625
0.1123046875,0.013427734375,1.062744140625,-0.9307861328125,-50.1861572265625,-8.7890625
0.11669921875,0.013916015625,1.0635986328125,-1.40380859375,-50.3692626953125,-8.6669921875
0.1170654296875,0.0179443359375,1.0638427734375,-1.9378662109375,-50.1861572265625,-8.6669921875
0.1158447265625,0.0167236328125,1.0643310546875,-2.9296875,-50.2777099609375,-8.3160400390625
0.11767578125,0.0185546875,1.0635986328125,-3.662109375,-50.5523681640625,-8.0413818359375
0.1097412109375,0.0191650390625,1.062744140625,-4.3182373046875,-50.4913330078125,-7.38525390625
0.10205078125,0.0159912109375,1.0625,-4.0740966796875,-50.3997802734375,-6.3629150390625
0.1007080078125,0.0152587890625,1.0635986328125,-4.180908203125,-50.628662109375,-6.134033203125
0.0926513671875,0.0155029296875,1.0631103515625,-4.5928955078125,-50.6439208984375,-5.7220458984375
0.0782470703125,0.015380859375,1.0623779296875,-4.82177734375,-50.35400390625,-5.0201416015625
0.0733642578125,0.011962890625,1.0628662109375,-4.913330078125,-50.5828857421875,-4.7607421875
0.068359375,0.0120849609375,1.06298828125,-5.0506591796875,-50.7354736328125,-4.8980712890625
0.0579833984375,0.0115966796875,1.0625,-5.126953125,-50.35400390625,-4.638671875
0.0484619140625,0.0089111328125,1.0618896484375,-5.4168701171875,-50.35400390625,-4.0130615234375
0.041015625,0.0067138671875,1.060302734375,-5.3558349609375,-50.6744384765625,-3.6468505859375
0.038330078125,0.0062255859375,1.06103515625,-4.852294921875,-50.6134033203125,-3.6468505859375
0.0338134765625,0.0062255859375,1.0614013671875,-4.669189453125,-50.35400390625,-3.7994384765625
0.0277099609375,0.005615234375,1.061279296875,-4.7149658203125,-50.323486328125,-3.631591796875
0.020263671875,0.0042724609375,1.061767578125,-4.669189453125,-50.4608154296875,-3.3111572265625
0.0164794921875,0.0035400390625,1.0611572265625,-4.4097900390625,-50.4302978515625,-3.1890869140625
0.0147705078125,0.004150390625,1.0614013671875,-4.39453125,-50.23193359375,-3.5247802734375
0.0130615234375,0.0042724609375,1.06103515625,-4.547119140625,-50.3082275390625,-3.692626953125
0.00830078125,0.00244140625,1.0596923828125,-4.5166015625,-50.384521484375,-3.6163330078125
0.0047607421875,0.002685546875,1.0599365234375,-4.0130615234375,-50.1708984375,-3.6468505859375
0.00244140625,0.00244140625,1.061767578125,-3.997802734375,-50.1251220703125,-3.6773681640625
-0.002197265625,0.003173828125,1.0609130859375,-4.1961669921875,-50.2166748046875,-3.47900390625
-0.006591796875,0.00146484375,1.060791015625,-4.119873046875,-50.2471923828125,-2.9296875
-0.0074462890625,0.000732421875,1.0611572265625,-3.1585693359375,-50.201416015625,-2.8533935546875
-0.0052490234375,0.000732421875,1.06298828125,-2.685546875,-50.384521484375,-2.9144287109375
-0.009033203125,0.0006103515625,1.0616455078125,-2.7313232421875,-50.23193359375,-2.5482177734375
-0.01123046875,-0.0006103515625,1.0596923828125,-2.685546875,-50.1708984375,-2.349853515625
-0.005615234375,-0.00048828125,1.0594482421875,-1.9683837890625,-50.3082275390625,-2.5787353515625
-0.0054931640625,0.0001220703125,1.061767578125,-0.9307861328125,-50.0335693359375,-2.74658203125
-0.0009765625,0.00048828125,1.060302734375,-0.762939453125,-50.201416015625,-2.9754638671875
0.00244140625,0.0015869140625,1.060546875,-0.8544921875,-50.201416015625,-3.4942626953125
0.00537109375,0.0037841796875,1.062744140625,-0.823974609375,-50.0640869140625,-3.9825439453125
0.0103759765625,0.0054931640625,1.062744140625,-1.007080078125,-50.2166748046875,-4.2724609375
0.0159912109375,0.005615234375,1.0638427734375,-1.953125,-50.079345703125,-4.3487548828125
0.015380859375,0.005126953125,1.0634765625,-2.8533935546875,-50.079345703125,-3.936767578125
0.02197265625,0.0050048828125,1.0618896484375,-3.0517578125,-50.29296875,-3.3111572265625
0.02490234375,0.003662109375,1.0618896484375,-3.326416015625,-50.1861572265625,-2.685546875
0.021728515625,0.002197265625,1.06201171875,-3.1890869140625,-50.018310546875,-1.64794921875
0.0277099609375,-0.0001220703125,1.0594482421875,-2.685546875,-50.537109375,-1.1138916015625
0.0301513671875,-0.0006103515625,1.0631103515625,-2.166748046875,-50.3692626953125,-1.220703125
0.028076171875,-0.0008544921875,1.0638427734375,-1.8310546875,-50.3387451171875,-1.0833740234375
0.0299072265625,-0.0008544921875,1.059814453125,-1.6937255859375,-50.567626953125,-1.312255859375
0.03076171875,-0.000732421875,1.0601806640625,-1.4801025390625,-50.5523681640625,-2.01416015625
0.032470703125,0.001220703125,1.0609130859375,-0.6256103515625,-50.567626953125,-2.38037109375
0.0389404296875,0.00048828125,1.061279296875,-0.1373291015625,-50.811767578125,-2.50244140625
0.0400390625,0.002197265625,1.0618896484375,0.54931640625,-50.5523681640625,-2.777099609375
0.048095703125,0.002685546875,1.0618896484375,1.03759765625,-50.811767578125,-3.3111572265625
0.0550537109375,0.0052490234375,1.0640869140625,1.03759765625,-50.9033203125,-4.150390625
0.0565185546875,0.008056640625,1.06298828125,0.8087158203125,-50.6744384765625,-4.2266845703125
0.0634765625,0.008544921875,1.06201171875,0.244140625,-50.8270263671875,-4.7760009765625
0.060791015625,0.009521484375,1.0606689453125,0.152587890625,-50.7354736328125,-4.82177734375
0.06396484375,0.0098876953125,1.06298828125,0.54931640625,-50.750732421875,-4.8370361328125
0.067626953125,0.0125732421875,1.06103515625,0.274658203125,-50.8575439453125,-5.2947998046875
0.0638427734375,0.013916015625,1.0616455078125,0.0762939453125,-50.6744384765625,-5.2337646484375
0.0682373046875,0.0147705078125,1.06201171875,-0.152587890625,-50.7659912109375,-5.5389404296875
0.0704345703125,0.0164794921875,1.06201171875,-0.4425048828125,-50.6744384765625,-5.828857421875
0.066162109375,0.016845703125,1.0614013671875,-0.701904296875,-50.78125,-5.5389404296875
0.0648193359375,0.0162353515625,1.0601806640625,-0.8392333984375,-50.628662109375,-5.18798828125
0.06396484375,0.0166015625,1.061767578125,-0.4425048828125,-50.689697265625,-4.8828125
0.059326171875,0.0159912109375,1.0626220703125,-0.1068115234375,-50.8880615234375,-4.425048828125
0.0543212890625,0.017822265625,1.0643310546875,-0.152587890625,-50.689697265625,-4.5013427734375
0.0523681640625,0.017333984375,1.0631103515625,-0.8087158203125,-50.78125,-4.241943359375
0.0479736328125,0.0186767578125,1.0626220703125,-0.5950927734375,-50.7354736328125,-4.1046142578125
0.042724609375,0.0216064453125,1.06396484375,-0.1983642578125,-50.6744384765625,-3.875732421875
0.0384521484375,0.020751953125,1.063720703125,-0.8392333984375,-50.6439208984375,-3.2196044921875
0.0345458984375,0.0185546875,1.0628662109375,-1.129150390625,-50.4913330078125,-2.838134765625
0.0302734375,0.017333984375,1.0626220703125,-0.8697509765625,-50.5523681640625,-2.471923828125
0.0283203125,0.018310546875,1.0616455078125,-0.9765625,-50.5828857421875,-2.1209716796875
0.0284423828125,0.019287109375,1.062744140625,-1.2664794921875,-50.567626953125,-1.9073486328125
0.026611328125,0.0194091796875,1.06103515625,-1.373291015625,-50.4150390625,-1.3427734375
0.0234375,0.01904296875,1.061767578125,-1.2664794921875,-50.384521484375,-0.91552734375
0.0211181640625,0.0203857421875,1.06103515625,-1.4190673828125,-50.4150390625,-0.6103515625
0.0181884765625,0.0205078125,1.060791015625,-1.861572265625,-50.262451171875,-0.2899169921875
0.0152587890625,0.0216064453125,1.0616455078125,-2.2430419921875,-50.23193359375,-0.152587890625
0.0142822265625,0.0211181640625,1.06103515625,-2.7618408203125,-50.323486328125,0.274658203125
0.0133056640625,0.021484375,1.060791015625,-2.9296875,-50.2471923828125,0.8087158203125
0.0120849609375,0.0203857421875,1.0606689453125,-3.082275390625,-50.1708984375,1.7242431640625
0.0123291015625,0.0196533203125,1.06201171875,-3.23486328125,-50.0946044921875,2.62451171875
0.0103759765625,0.0185546875,1.0611572265625,-3.47900390625,-50.0335693359375,3.4332275390625
0.007568359375,0.0186767578125,1.0633544921875,-3.47900390625,-49.98779296875,4.0283203125
0.0047607421875,0.01904296875,1.0626220703125,-3.7384033203125,-49.9267578125,4.6539306640625
0.0018310546875,0.016845703125,1.063720703125,-4.5623779296875,-49.8809814453125,5.615234375
-0.001953125,0.017333984375,1.061279296875,-4.7454833984375,-49.896240234375,6.500244140625
-0.0020751953125,0.014892578125,1.0628662109375,-4.852294921875,-50.10986328125,7.4615478515625
-0.0081787109375,0.0157470703125,1.0606689453125,-4.9285888671875,-49.8046875,8.392333984375
-0.0111083984375,0.013916015625,1.062744140625,-5.3253173828125,-49.9725341796875,9.33837890625
-0.0137939453125,0.0126953125,1.06396484375,-5.7220458984375,-49.957275390625,10.009765625
-0.0146484375,0.0106201171875,1.0626220703125,-6.7901611328125,-50.018310546875,10.345458984375
-0.015380859375,0.0087890625,1.060791015625,-6.9427490234375,-49.9420166015625,10.528564453125
-0.0167236328125,0.0078125,1.0623779296875,-7.01904296875,-50.048828125,10.7879638671875
-0.0181884765625,0.006103515625,1.0621337890625,-7.110595703125,-49.9114990234375,11.1541748046875
-0.0203857421875,0.0052490234375,1.0601806640625,-7.049560546875,-49.98779296875,11.3677978515625
-0.0201416015625,0.0040283203125,1.061767578125,-6.7138671875,-49.9420166015625,11.3677978515625
-0.0194091796875,0.0035400390625,1.06396484375,-6.378173828125,-49.9420166015625,11.04736328125
-0.020751953125,0.0018310546875,1.0606689453125,-6.6070556640625,-49.9725341796875,10.5743408203125
-0.02001953125,0.0006103515625,1.06103515625,-6.4849853515625,-50.0946044921875,9.6588134765625
-0.017822265625,0.0,1.0623779296875,-5.4473876953125,-50.262451171875,8.7432861328125
-0.015869140625,0.000244140625,1.063232421875,-4.8675537109375,-50.29296875,7.5836181640625
-0.015380859375,0.0,1.060546875,-4.852294921875,-50.35400390625,6.3629150390625
-0.01171875,0.0008544921875,1.0625,-4.0283203125,-50.5218505859375,4.791259765625
-0.0081787109375,0.003173828125,1.0628662109375,-3.7689208984375,-50.3082275390625,3.509521484375
-0.002685546875,0.0045166015625,1.06103515625,-3.7689208984375,-50.47607421875,2.532958984375
-0.0010986328125,0.0048828125,1.062255859375,-3.021240234375,-50.506591796875,1.678466796875
0.00341796875,0.00634765625,1.061767578125,-2.6702880859375,-50.72021484375,0.7171630859375
0.0059814453125,0.007568359375,1.06201171875,-2.6397705078125,-50.7354736328125,-0.030517578125
0.0089111328125,0.008544921875,1.062744140625,-2.44140625,-51.08642578125,-0.8392333984375
0.0115966796875,0.0093994140625,1.059326171875,-2.1514892578125,-51.4373779296875,-1.6326904296875
0.0147705078125,0.0087890625,1.0599365234375,-2.13623046875,-51.544189453125,-2.44140625
0.01953125,0.00830078125,1.0587158203125,-2.0751953125,-51.8341064453125,-3.0059814453125
0.0218505859375,0.008544921875,1.058349609375,-2.105712890625,-52.0477294921875,-3.3721923828125
0.02734375,0.0084228515625,1.06103515625,-2.0599365234375,-52.0782470703125,-3.814697265625
0.0289306640625,0.009521484375,1.0609130859375,-2.6092529296875,-52.215576171875,-4.3487548828125
0.033935546875,0.0098876953125,1.0614013671875,-3.204345703125,-52.30712890625,-4.94384765625
0.0384521484375,0.010498046875,1.0606689453125,-3.4637451171875,-52.3834228515625,-5.31005859375
0.0390625,0.0103759765625,1.06201171875,-4.39453125,-52.3681640625,-5.7220458984375
0.0460205078125,0.0093994140625,1.0615234375,-4.7607421875,-52.6580810546875,-6.3018798828125
0.0498046875,0.01025390625,1.061279296875,-5.126953125,-52.7801513671875,-6.866455078125
0.052734375,0.009033203125,1.0634765625,-5.4779052734375,-53.070068359375,-6.9122314453125
0.0517578125,0.0081787109375,1.064453125,-5.4168701171875,-53.7109375,-6.53076171875
0.05224609375,0.0069580078125,1.064697265625,-5.5084228515625,-54.5654296875,-6.4239501953125
0.0533447265625,0.006591796875,1.063720703125,-5.1727294921875,-55.572509765625,-6.4544677734375
0.05322265625,0.005615234375,1.0628662109375,-5.18798828125,-56.7169189453125,-6.561279296875
0.053955078125,0.0042724609375,1.06298828125,-5.035400390625,-57.9986572265625,-6.89697265625
0.055419921875,0.0020751953125,1.062744140625,-4.547119140625,-59.2803955078125,-7.14111328125
0.0548095703125,-0.0001220703125,1.0616455078125,-3.9825439453125,-60.577392578125,-7.232666015625
0.05712890625,-0.00048828125,1.0625,-2.410888671875,-62.31689453125,-7.781982421875
0.0584716796875,-0.0009765625,1.0655517578125,-1.8310546875,-63.6138916015625,-8.48388671875
0.0589599609375,0.000244140625,1.0662841796875,-1.8463134765625,-65.2618408203125,-9.2010498046875
0.059326171875,0.0020751953125,1.0709228515625,-2.3651123046875,-67.0623779296875,-9.735107421875
0.0587158203125,0.0030517578125,1.07177734375,-4.21142578125,-68.9544677734375,-10.3607177734375
0.060791015625,0.0069580078125,1.072998046875,-6.2408447265625,-70.6787109375,-11.199951171875
0.0645751953125,0.006591796875,1.0753173828125,-9.185791015625,-72.3114013671875,-11.9476318359375
0.0689697265625,0.00537109375,1.0733642578125,-12.0849609375,-74.188232421875,-12.2528076171875
0.06884765625,0.004638671875,1.071533203125,-15.0909423828125,-75.6683349609375,-12.2528076171875
0.074462890625,0.003662109375,1.067138671875,-15.2587890625,-77.7130126953125,-11.8408203125
0.07958984375,0.005859375,1.0667724609375,-13.9007568359375,-79.559326171875,-11.0931396484375
0.0919189453125,0.0010986328125,1.0687255859375,-13.763427734375,-80.8258056640625,-10.162353515625
0.090576171875,-0.0064697265625,1.0550537109375,-15.2130126953125,-80.9326171875,-9.3231201171875
0.089111328125,-0.009033203125,1.03857421875,-14.3890380859375,-79.925537109375,-8.6822509765625
0.095458984375,-0.0162353515625,1.0328369140625,-10.0555419921875,-77.789306640625,-7.904052734375
0.1019287109375,-0.0157470703125,1.0374755859375,-6.1187744140625,-74.15771484375,-7.049560546875
0.1097412109375,-0.0225830078125,1.03857421875,-4.7149658203125,-70.6329345703125,-6.3018798828125
0.1129150390625,-0.034423828125,1.0299072265625,-4.8828125,-67.047119140625,-6.011962890625
0.1099853515625,-0.0321044921875,1.026123046875,-1.220703125,-63.5833740234375,-6.195068359375
0.103759765625,-0.0272216796875,1.010986328125,6.195068359375,-61.7523193359375,-5.340576171875
0.1046142578125,-0.0235595703125,1.0299072265625,12.26806640625,-59.4329833984375,-4.08935546875
0.095703125,-0.01708984375,1.0301513671875,18.73779296875,-59.38720703125,-2.7313232421875
0.086669921875,-0.0146484375,1.0323486328125,20.1263427734375,-59.967041015625,-2.197265625
0.0762939453125,-0.0120849609375,1.0308837890625,20.8587646484375,-61.4471435546875,-2.74658203125
0.0704345703125,-0.009033203125,1.0341796875,21.5911865234375,-64.666748046875,-3.8909912109375
0.064208984375,-0.00244140625,1.025390625,21.3470458984375,-69.3511962890625,-5.2032470703125
0.0565185546875,0.0028076171875,1.0179443359375,19.1802978515625,-74.4476318359375,-6.3934326171875
0.0479736328125,0.009521484375,1.005126953125,16.6168212890625,-80.2459716796875,-7.293701171875
0.0390625,0.01513671875,0.9921875,12.7410888671875,-86.029052734375,-7.720947265625
0.03076171875,0.0198974609375,0.974365234375,8.2550048828125,-91.9952392578125,-7.62939453125
0.0205078125,0.0191650390625,0.955078125,2.716064453125,-97.59521484375,-7.14111328125
0.0059814453125,0.0167236328125,0.9285888671875,-2.9296875,-102.47802734375,-6.4849853515625
-0.0113525390625,0.0159912109375,0.8875732421875,-8.4686279296875,-105.682373046875,-5.6610107421875
-0.02734375,0.018310546875,0.840087890625,-17.0440673828125,-105.95703125,-4.6539306640625
-0.0419921875,0.0206298828125,0.7978515625,-33.538818359375,-103.118896484375,-3.5247802734375
-0.055908203125,0.0234375,0.7078857421875,-56.243896484375,-96.0845947265625,-2.044677734375
-0.072021484375,0.030517578125,0.5677490234375,-83.5418701171875,-81.2835693359375,0.0
-0.08447265625,0.04150390625,0.39794921875,-106.3079833984375,-59.2803955078125,4.1351318359375
-0.10595703125,0.0350341796875,0.3135986328125,-107.421875,-37.445068359375,11.29150390625
-0.1251220703125,0.0408935546875,0.2078857421875,-77.8961181640625,-15.1214599609375,20.5535888671875
-0.1470947265625,0.048583984375,0.1376953125,-51.483154296875,9.4451904296875,28.50341796875
-0.1715087890625,0.05517578125,0.0899658203125,-36.773681640625,35.1104736328125,35.064697265625
-0.20068359375,0.060546875,0.058837890625,-30.242919921875,61.248779296875,41.32080078125
-0.232666015625,0.06298828125,0.0396728515625,-24.10888671875,85.7391357421875,47.9278564453125
-0.267578125,0.065185546875,0.0299072265625,-14.6331787109375,107.0404052734375,54.534912109375
-0.3082275390625,0.0693359375,0.0228271484375,-3.8909912109375,125.30517578125,60.516357421875
-0.358642578125,0.0748291015625,0.0185546875,4.7149658203125,142.3797607421875,65.6280517578125
-0.4207763671875,0.0831298828125,0.0137939453125,10.80322265625,159.3017578125,70.2056884765625
-0.496826171875,0.093017578125,0.0087890625,16.5863037109375,176.0711669921875,74.859619140625
-0.5902099609375,0.106689453125,0.00439453125,23.956298828125,192.7642822265625,79.437255859375
-0.7056884765625,0.125732421875,-0.001953125,31.951904296875,209.5184326171875,83.9080810546875
-0.850341796875,0.15087890625,-0.00927734375,38.26904296875,227.0965576171875,88.5772705078125
-1.0274658203125,0.1815185546875,-0.0189208984375,41.93115234375,245.635986328125,93.8873291015625
-1.2430419921875,0.2193603515625,-0.031494140625,43.7164306640625,265.2740478515625,100.09765625
-1.526611328125,0.2694091796875,-0.0460205078125,44.464111328125,285.7818603515625,107.391357421875
-1.86279296875,0.3275146484375,-0.0615234375,47.9278564453125,305.6182861328125,115.5853271484375
-2.2310791015625,0.390380859375,-0.07861328125,55.938720703125,323.486328125,122.9095458984375
-2.564208984375,0.4462890625,-0.0921630859375,69.27490234375,339.080810546875,126.7852783203125
-2.828857421875,0.4893798828125,-0.0970458984375,85.7391357421875,351.8218994140625,124.6337890625
-3.02587890625,0.5223388671875,-0.095458984375,106.5521240234375,358.33740234375,116.3787841796875
-3.199951171875,0.558837890625,-0.089111328125,130.859375,356.658935546875,102.11181640625
-3.3516845703125,0.5963134765625,-0.07861328125,146.5911865234375,347.198486328125,82.6263427734375
-3.38720703125,0.6107177734375,-0.0689697265625,142.1356201171875,330.4443359375,61.4776611328125
-3.29931640625,0.595947265625,-0.06201171875,116.69921875,310.05859375,40.283203125
-3.138427734375,0.567138671875,-0.0614013671875,80.4290771484375,289.520263671875,19.9737548828125
-2.9599609375,0.4805908203125,0.093505859375,46.8597412109375,271.0418701171875,2.227783203125
-2.9091796875,-0.191650390625,0.415771484375,77.423095703125,235.2447509765625,-14.7247314453125
-2.697509765625,0.0208740234375,0.279052734375,59.173583984375,196.3653564453125,-78.43017578125
-2.434814453125,0.1383056640625,0.18408203125,-19.4244384765625,175.689697265625,-129.3792724609375
-2.13623046875,0.193359375,0.1214599609375,-76.9500732421875,165.740966796875,-148.6968994140625
-1.8634033203125,0.2169189453125,0.078125,-89.019775390625,158.843994140625,-145.172119140625
-1.6458740234375,0.2235107421875,0.0521240234375,-50.96435546875,152.03857421875,-128.0059814453125
-1.4736328125,0.23046875,0.040283203125,20.233154296875,143.280029296875,-106.9793701171875
-1.3297119140625,0.240478515625,0.0438232421875,92.437744140625,133.2855224609375,-87.1124267578125
-1.20166015625,0.2432861328125,0.05322265625,133.697509765625,123.504638671875,-69.2901611328125
-1.0885009765625,0.2376708984375,0.0638427734375,131.500244140625,115.3411865234375,-55.5419921875
-1.00439453125,0.2255859375,0.06494140625,91.766357421875,108.9630126953125,-46.38671875
-0.987060546875,0.0732421875,0.208740234375,36.4990234375,102.996826171875,-41.32080078125
-1.07763671875,-0.3392333984375,0.1016845703125,21.484375,84.0301513671875,-44.7998046875
-1.1087646484375,-0.14111328125,0.0830078125,-44.158935546875,76.35498046875,-65.36865234375
-1.156005859375,-0.0050048828125,0.0592041015625,-109.100341796875,66.986083984375,-67.87109375
-1.22705078125,0.0943603515625,0.03662109375,-122.650146484375,50.4913330078125,-49.4384765625
-1.3189697265625,0.0072021484375,0.0311279296875,-84.4268798828125,25.8331298828125,-16.3726806640625
-1.3636474609375,0.0836181640625,0.003662109375,-17.2271728515625,-2.4261474609375,21.026611328125
-1.409423828125,0.1370849609375,-0.0140380859375,64.697265625,-28.1524658203125,60.5621337890625
-1.4649658203125,0.177001953125,-0.01953125,121.612548828125,-45.7916259765625,93.9483642578125
-1.5234375,0.203125,-0.0186767578125,126.953125,-54.9468994140625,116.5313720703125
-1.5794677734375,0.2137451171875,-0.0113525390625,79.1015625,-60.85205078125,124.81689453125
-1.62109375,0.2105712890625,-0.0047607421875,-0.8697509765625,-71.258544921875,117.5537109375
-1.6517333984375,0.203369140625,-0.0042724609375,-82.366943359375,-91.5374755859375,94.54345703125
-1.6865234375,0.2117919921875,-0.01318359375,-142.8680419921875,-122.61962890625,57.891845703125
-1.7352294921875,0.2388916015625,-0.0289306640625,-177.7496337890625,-160.0341796875,16.7694091796875
-1.78515625,0.2734375,-0.0576171875,-191.314697265625,-198.1201171875,-20.08056640625
-1.7996826171875,0.300537109375,-0.097412109375,-184.8602294921875,-228.3172607421875,-46.600341796875
-1.7584228515625,0.31298828125,-0.1375732421875,-158.4930419921875,-240.9210205078125,-59.295654296875
-1.6124267578125,0.3115234375,-0.1622314453125,-125.3509521484375,-231.231689453125,-59.63134765625
-1.3818359375,0.276123046875,-0.1680908203125,-108.8104248046875,-199.981689453125,-52.42919921875
-1.163818359375,0.23388671875,-0.1378173828125,-79.132080078125,-159.912109375,-38.0706787109375
-1.0096435546875,0.200439453125,-0.1239013671875,-38.26904296875,-128.84521484375,-21.148681640625
-0.8966064453125,0.179931640625,-0.1390380859375,-4.3792724609375,-101.2725830078125,-7.2784423828125
-0.818115234375,0.1605224609375,-0.1400146484375,9.2315673828125,-57.342529296875,4.0740966796875
-0.783447265625,0.15625,-0.124267578125,8.85009765625,-5.859375,10.528564453125
-0.7872314453125,0.1619873046875,-0.1090087890625,8.148193359375,41.5802001953125,17.578125
-0.804443359375,0.1649169921875,-0.092041015625,15.7470703125,82.7178955078125,29.5562744140625
-0.8243408203125,0.163818359375,-0.06689453125,33.0810546875,117.340087890625,42.6177978515625
-0.8311767578125,0.1617431640625,-0.040283203125,51.8951416015625,142.3797607421875,52.6275634765625
-0.8470458984375,0.160400390625,-0.0164794921875,62.3626708984375,157.501220703125,59.539794921875
-0.8531494140625,0.154052734375,-0.003173828125,60.028076171875,163.6810302734375,63.5528564453125
-0.8511962890625,0.13720703125,-0.001953125,53.5430908203125,164.61181640625,64.544677734375
-0.876708984375,0.1353759765625,-0.0047607421875,59.2803955078125,162.2161865234375,61.5234375
-0.8968505859375,0.1353759765625,-0.006103515625,68.5272216796875,159.3475341796875,56.21337890625
-0.9332275390625,0.13720703125,-0.007568359375,74.310302734375,156.5093994140625,49.102783203125
-0.9873046875,0.1455078125,-0.00830078125,76.507568359375,153.167724609375,39.3829345703125
-1.068359375,0.161865234375,-0.0108642578125,80.169677734375,147.6898193359375,28.5491943359375
-1.1875,0.1890869140625,-0.0133056640625,83.31298828125,139.4805908203125,17.0135498046875
-1.309814453125,0.2188720703125,-0.026123046875,79.9407958984375,128.1280517578125,5.0811767578125
-1.333984375,0.23291015625,-0.045654296875,71.77734375,118.5760498046875,-6.1187744140625
-1.2589111328125,0.231689453125,-0.0634765625,61.5234375,117.67578125,-15.44189453125
-1.1392822265625,0.2266845703125,-0.0604248046875,51.025390625,127.7008056640625,-20.6298828125
-1.0223388671875,0.2164306640625,-0.050048828125,40.6341552734375,142.0135498046875,-19.4091796875
-0.934326171875,0.203125,-0.0333251953125,34.66796875,155.7769775390625,-12.8936767578125
-0.88623046875,0.18994140625,-0.014892578125,37.53662109375,165.10009765625,-4.1351318359375
-0.86474609375,0.18017578125,0.0048828125,49.9114990234375,167.2210693359375,3.2806396484375
-0.8441162109375,0.1739501953125,0.0291748046875,69.15283203125,160.4766845703125,7.781982421875
-0.787109375,0.163818359375,0.0526123046875,83.9080810546875,144.83642578125,9.2926025390625
-0.7142333984375,0.1533203125,0.0745849609375,84.991455078125,124.176025390625,7.1868896484375
-0.6400146484375,0.140869140625,0.092529296875,73.05908203125,99.884033203125,3.326416015625
-0.5682373046875,0.12646484375,0.1024169921875,54.6722412109375,72.296142578125,-1.15966796875
-0.5203857421875,0.1182861328125,0.1029052734375,37.0635986328125,43.9910888671875,-6.0577392578125
-0.4742431640625,0.10888671875,0.0997314453125,26.1077880859375,16.05224609375,-10.650634765625
-0.4219970703125,0.1072998046875,0.0911865234375,30.8074951171875,-12.0086669921875,-13.2904052734375
-0.3885498046875,0.1092529296875,0.088623046875,32.3638916015625,-33.7677001953125,-14.068603515625
-0.393798828125,0.114013671875,0.087646484375,22.9034423828125,-51.361083984375,-13.9007568359375
-0.4283447265625,0.11767578125,0.084228515625,10.07080078125,-69.6258544921875,-12.939453125
-0.4610595703125,0.11767578125,0.077880859375,1.373291015625,-90.51513671875,-12.359619140625
-0.4766845703125,0.119384765625,0.0687255859375,-1.922607421875,-113.1591796875,-12.786865234375
-0.4874267578125,0.122314453125,0.0611572265625,-2.50244140625,-135.6048583984375,-13.1072998046875
-0.4984130859375,0.126220703125,0.0555419921875,-3.1890869140625,-157.3028564453125,-13.092041015625
-0.5150146484375,0.129638671875,0.0418701171875,-8.3770751953125,-178.2073974609375,-13.0615234375
-0.5311279296875,0.1324462890625,0.0255126953125,-18.0511474609375,-196.2738037109375,-13.702392578125
-0.559814453125,0.1414794921875,0.0054931640625,-28.9764404296875,-209.6710205078125,-15.4876708984375
-0.611572265625,0.160888671875,-0.0155029296875,-40.6951904296875,-216.8731689453125,-16.7388916015625
-0.6839599609375,0.185302734375,-0.0341796875,-53.28369140625,-218.1396484375,-14.007568359375
-0.7806396484375,0.2105712890625,-0.0543212890625,-61.492919921875,-215.179443359375,-4.9591064453125
-0.91259765625,0.234130859375,-0.068603515625,-58.380126953125,-210.174560546875,11.138916015625
-1.056640625,0.251953125,-0.0777587890625,-40.5426025390625,-206.756591796875,32.6385498046875
-1.1871337890625,0.2662353515625,-0.079833984375,-13.3819580078125,-206.146240234375,56.182861328125
-1.2918701171875,0.27783203125,-0.0750732421875,9.307861328125,-208.587646484375,78.8421630859375
-1.3797607421875,0.28759765625,-0.072265625,12.63427734375,-213.9129638671875,99.0142822265625
-1.46533203125,0.2935791015625,-0.0677490234375,-12.20703125,-220.0164794921875,115.66162109375
-1.5255126953125,0.280517578125,-0.072021484375,-61.676025390625,-228.8055419921875,126.983642578125
-1.5205078125,0.249267578125,-0.074462890625,-106.7047119140625,-242.156982421875,128.570556640625
-1.5546875,0.23486328125,-0.0689697265625,-134.979248046875,-261.4898681640625,117.950439453125
-1.607177734375,0.2420654296875,-0.081787109375,-153.3050537109375,-290.58837890625,97.83935546875
-1.625244140625,0.24853515625,-0.11572265625,-169.952392578125,-320.00732421875,75.3173828125
-1.619384765625,0.2515869140625,-0.15283203125,-187.7899169921875,-335.8154296875,52.42919921875
-1.587158203125,0.25,-0.187255859375,-198.5015869140625,-334.4573974609375,30.9600830078125
-1.53515625,0.238525390625,-0.2008056640625,-190.521240234375,-318.1610107421875,14.2974853515625
-1.4822998046875,0.2252197265625,-0.19873046875,-159.3017578125,-296.0052490234375,1.2664794921875
-1.4163818359375,0.2147216796875,-0.193603515625,-109.466552734375,-274.749755859375,-9.1552734375
-1.3597412109375,0.21533203125,-0.1868896484375,-55.7708740234375,-253.3111572265625,-17.364501953125
-1.32373046875,0.226318359375,-0.1748046875,-18.1427001953125,-227.9052734375,-23.3306884765625
-1.303955078125,0.238037109375,-0.165283203125,-9.70458984375,-198.6083984375,-26.6876220703125
-1.2933349609375,0.2432861328125,-0.155517578125,-25.0244140625,-166.5191650390625,-28.167724609375
-1.2864990234375,0.2415771484375,-0.14501953125,-45.7611083984375,-135.467529296875,-28.8543701171875
-1.281494140625,0.2354736328125,-0.134765625,-53.0242919921875,-109.3902587890625,-28.80859375
-1.2818603515625,0.233154296875,-0.12353515625,-38.2537841796875,-90.423583984375,-28.1982421875
-1.281005859375,0.2381591796875,-0.1087646484375,-9.0179443359375,-78.582763671875,-27.557373046875
-1.2745361328125,0.24169921875,-0.091552734375,17.2882080078125,-72.1893310546875,-26.6876220703125
-1.280517578125,0.2525634765625,-0.0760498046875,34.1949462890625,-71.1669921875,-25.45166015625
-1.3355712890625,0.2686767578125,-0.0645751953125,28.01513671875,-73.2574462890625,-24.1241455078125
-1.3709716796875,0.270263671875,-0.069091796875,3.326416015625,-78.5980224609375,-23.25439453125
-1.426025390625,0.2718505859375,-0.072265625,-22.857666015625,-84.0301513671875,-24.4598388671875
-1.497802734375,0.2811279296875,-0.0838623046875,-38.421630859375,-92.6971435546875,-27.8778076171875
-1.538330078125,0.368408203125,0.036376953125,-41.80908203125,-102.0965576171875,-30.731201171875
-1.561279296875,0.40087890625,0.4476318359375,-121.8109130859375,-76.019287109375,-36.163330078125
-1.5587158203125,0.3475341796875,0.25830078125,-234.4818115234375,-96.9085693359375,-45.8831787109375
-1.5533447265625,0.3173828125,0.122314453125,-219.7113037109375,-111.114501953125,-53.7261962890625
-1.58984375,0.32958984375,0.0299072265625,-106.50634765625,-125.3814697265625,-50.750732421875
-1.5875244140625,0.3497314453125,0.0242919921875,20.7366943359375,-131.5155029296875,-34.66796875
-1.611083984375,0.356201171875,-0.0159912109375,76.2786865234375,-122.4212646484375,-16.29638671875
-1.644287109375,0.3563232421875,-0.043701171875,57.55615234375,-101.806640625,-4.8065185546875
-1.6746826171875,0.352294921875,-0.0618896484375,-8.331298828125,-75.8819580078125,-1.4495849609375
-1.673095703125,0.3304443359375,-0.0718994140625,-82.763671875,-53.1158447265625,-1.739501953125
-1.6177978515625,0.295654296875,-0.072021484375,-124.1912841796875,-41.1224365234375,-5.0201416015625
-1.5361328125,0.2718505859375,-0.0640869140625,-116.0736083984375,-43.39599609375,-11.6729736328125
-1.4613037109375,0.2685546875,-0.052734375,-74.310302734375,-57.9071044921875,-16.90673828125
-1.412841796875,0.2755126953125,-0.0443115234375,-31.524658203125,-78.4149169921875,-16.1285400390625
-1.41357421875,0.276611328125,-0.0438232421875,-10.8489990234375,-100.15869140625,-9.6435546875
-1.419189453125,0.2615966796875,-0.0531005859375,-13.275146484375,-121.2921142578125,-3.7994384765625
-1.4271240234375,0.245849609375,-0.07080078125,-27.6641845703125,-139.34326171875,-5.3253173828125
-1.512939453125,0.2562255859375,-0.093017578125,-48.5076904296875,-150.69580078125,-15.3350830078125
-1.53076171875,0.260986328125,-0.1212158203125,-76.263427734375,-153.3966064453125,-30.1055908203125
-1.4486083984375,0.2490234375,-0.134033203125,-99.54833984375,-145.4620361328125,-43.8995361328125
-1.478515625,0.25244140625,-0.136962890625,-108.5205078125,-131.683349609375,-52.67333984375
-1.4095458984375,0.2259521484375,-0.139404296875,-80.230712890625,-120.452880859375,-56.1981201171875
-1.36474609375,0.2537841796875,0.1116943359375,-14.678955078125,-106.6131591796875,-64.2852783203125
-1.325439453125,0.2686767578125,0.0908203125,68.66455078125,-132.659912109375,-67.0318603515625
-1.3037109375,0.2947998046875,0.07080078125,98.0987548828125,-151.42822265625,-68.389892578125
-1.31591796875,0.32470703125,0.0579833984375,68.572998046875,-144.3634033203125,-69.4427490234375
-1.32373046875,0.3309326171875,0.058349609375,4.2724609375,-124.51171875,-67.230224609375
-1.2955322265625,0.3111572265625,0.0546875,-58.16650390625,-105.6671142578125,-65.216064453125
-1.2476806640625,0.2840576171875,0.0372314453125,-88.0279541015625,-97.5341796875,-64.2242431640625
-1.1971435546875,0.26318359375,0.0277099609375,-79.1015625,-104.278564453125,-61.9354248046875
-1.1544189453125,0.2537841796875,0.0128173828125,-38.6505126953125,-123.47412109375,-56.0302734375
-1.1160888671875,0.249267578125,-0.0008544921875,10.5438232421875,-146.1029052734375,-45.7611083984375
-1.0806884765625,0.2410888671875,-0.00927734375,42.5872802734375,-165.2374267578125,-33.538818359375
-1.0517578125,0.2275390625,-0.0196533203125,45.3948974609375,-178.924560546875,-23.8189697265625
-1.0362548828125,0.211669921875,-0.0299072265625,22.4151611328125,-186.6607666015625,-19.8211669921875
-1.015869140625,0.195556640625,-0.041748046875,-11.6729736328125,-190.3839111328125,-22.1099853515625
-0.99462890625,0.1859130859375,-0.0511474609375,-41.0614013671875,-191.46728515625,-28.8848876953125
-0.978515625,0.184326171875,-0.05810546875,-55.0689697265625,-192.0318603515625,-36.2548828125
-0.9591064453125,0.18701171875,-0.062744140625,-51.3763427734375,-193.328857421875,-40.1763916015625
-0.9302978515625,0.1881103515625,-0.0673828125,-34.6832275390625,-194.549560546875,-38.9251708984375
-0.8917236328125,0.1820068359375,-0.0687255859375,-12.969970703125,-194.3206787109375,-33.2794189453125
-0.8477783203125,0.170166015625,-0.0648193359375,5.645751953125,-191.8792724609375,-26.5045166015625
-0.79345703125,0.155029296875,-0.05810546875,15.0604248046875,-187.43896484375,-21.514892578125
-0.7410888671875,0.141357421875,-0.0498046875,12.6495361328125,-181.3507080078125,-19.805908203125
-0.69140625,0.13037109375,-0.0406494140625,0.732421875,-174.5147705078125,-21.2554931640625
-0.6536865234375,0.1243896484375,-0.033447265625,-14.22119140625,-168.182373046875,-24.3682861328125
-0.6337890625,0.1229248046875,-0.0284423828125,-26.0009765625,-163.330078125,-27.313232421875
-0.619873046875,0.1240234375,-0.027099609375,-29.815673828125,-160.4156494140625,-28.99169921875
-0.6112060546875,0.128173828125,-0.0262451171875,-24.810791015625,-158.7371826171875,-28.74755859375
-0.5582275390625,0.121826171875,-0.026123046875,-14.7247314453125,-157.5164794921875,-25.8941650390625
-0.55517578125,0.123779296875,-0.02685546875,-3.265380859375,-154.8309326171875,-21.30126953125
-0.5455322265625,0.1160888671875,-0.033935546875,5.37109375,-150.848388671875,-15.7012939453125
-0.528564453125,0.1082763671875,-0.0257568359375,11.505126953125,-143.7530517578125,-11.810302734375
-0.494140625,0.1007080078125,-0.01513671875,12.481689453125,-137.2528076171875,-10.43701171875
-0.4586181640625,0.0943603515625,-0.0140380859375,5.3253173828125,-132.598876953125,-10.7879638671875
-0.41357421875,0.0860595703125,-0.0169677734375,-6.9427490234375,-126.617431640625,-11.90185546875
-0.4127197265625,0.079833984375,-0.0244140625,-18.8140869140625,-119.171142578125,-13.763427734375
-0.4208984375,0.0875244140625,-0.0340576171875,-19.317626953125,-110.4736328125,-18.1732177734375
-0.4259033203125,0.0968017578125,-0.0313720703125,-5.7220458984375,-98.8311767578125,-18.1884765625
-0.42431640625,0.10498046875,-0.0216064453125,14.6331787109375,-89.0960693359375,-14.16015625
-0.4346923828125,0.1126708984375,-0.015625,30.0445556640625,-82.061767578125,-7.7056884765625
-0.4500732421875,0.112548828125,-0.0206298828125,31.31103515625,-75.3936767578125,-1.373291015625
-0.44921875,0.119140625,-0.018798828125,17.5018310546875,-64.3157958984375,0.9613037109375
-0.4571533203125,0.1175537109375,-0.022705078125,-2.38037109375,-51.7425537109375,5.5389404296875
-0.4560546875,0.11279296875,-0.0218505859375,-12.4664306640625,-38.6199951171875,11.41357421875
-0.4588623046875,0.1060791015625,-0.014892578125,-5.06591796875,-28.5797119140625,19.012451171875
-0.4835205078125,0.1041259765625,-0.0118408203125,11.8560791015625,-23.284912109375,26.18408203125
-0.5179443359375,0.103759765625,-0.013427734375,27.801513671875,-19.7296142578125,31.158447265625
-0.561279296875,0.1090087890625,-0.014892578125,33.69140625,-14.6636962890625,32.9437255859375
-0.6005859375,0.11328125,-0.0201416015625,27.89306640625,-8.3465576171875,33.3404541015625
-0.6368408203125,0.1168212890625,-0.0263671875,17.5933837890625,-0.2593994140625,33.3404541015625
-0.664306640625,0.115966796875,-0.03515625,13.153076171875,8.1634521484375,33.7982177734375
-0.6925048828125,0.1170654296875,-0.0406494140625,19.134521484375,17.1356201171875,34.9273681640625
-0.7291259765625,0.1236572265625,-0.0489501953125,31.6619873046875,26.9927978515625,36.3006591796875
-0.7747802734375,0.1302490234375,-0.0548095703125,44.86083984375,38.7725830078125,38.26904296875
-0.8282470703125,0.13671875,-0.054931640625,55.633544921875,52.398681640625,39.5965576171875
-0.8980712890625,0.1451416015625,-0.0540771484375,63.232421875,66.10107421875,39.886474609375
-0.9765625,0.1558837890625,-0.053466796875,67.7947998046875,78.4759521484375,38.02490234375
-1.0635986328125,0.16845703125,-0.0556640625,72.174072265625,88.4246826171875,34.8968505859375
-1.15283203125,0.185302734375,-0.060302734375,79.3304443359375,96.5423583984375,30.8380126953125
-1.229736328125,0.198974609375,-0.067138671875,91.9342041015625,103.790283203125,26.9012451171875
-1.292236328125,0.216064453125,-0.072021484375,108.489990234375,111.785888671875,22.5372314453125
-1.3587646484375,0.2308349609375,-0.071533203125,123.077392578125,121.1090087890625,19.3634033203125
-1.42822265625,0.2501220703125,-0.0711669921875,130.67626953125,130.615234375,15.2740478515625
-1.4715576171875,0.1759033203125,-0.228271484375,132.32421875,140.1824951171875,12.725830078125
-1.5472412109375,0.16162109375,-0.3284912109375,162.5213623046875,138.458251953125,8.6669921875
-1.6417236328125,0.2254638671875,-0.2369384765625,198.9898681640625,151.702880859375,-2.7313232421875
-1.6590576171875,0.2520751953125,-0.319580078125,181.6558837890625,157.928466796875,-14.1448974609375
-1.69384765625,0.2689208984375,-0.2269287109375,155.9600830078125,160.858154296875,-17.7154541015625
-1.724609375,0.2774658203125,-0.2052001953125,121.4752197265625,156.341552734375,-25.7720947265625
-1.74609375,0.2781982421875,-0.158447265625,93.9483642578125,145.8740234375,-34.1033935546875
-1.7598876953125,0.2786865234375,-0.1221923828125,80.169677734375,132.598876953125,-43.88427734375
-1.75732421875,0.2926025390625,-0.105224609375,80.74951171875,114.7613525390625,-55.755615234375
-1.7510986328125,0.31005859375,-0.095458984375,88.9739990234375,98.358154296875,-62.7593994140625
-1.740478515625,0.32080078125,-0.0911865234375,93.6737060546875,85.845947265625,-63.995361328125
-1.7359619140625,0.3226318359375,-0.0877685546875,89.202880859375,78.5675048828125,-63.446044921875
-1.7354736328125,0.32470703125,-0.088623046875,77.57568359375,74.2645263671875,-64.056396484375
-1.6517333984375,0.4935302734375,0.1510009765625,-1.129150390625,91.2628173828125,-65.0482177734375
-1.7017822265625,0.4508056640625,0.1815185546875,-127.6702880859375,87.158203125,-63.1256103515625
-1.706298828125,0.3878173828125,0.234130859375,-128.7384033203125,76.4923095703125,-58.349609375
-1.7525634765625,0.358642578125,0.201416015625,-49.3011474609375,48.64501953125,-51.9256591796875
-1.7418212890625,0.3565673828125,0.142578125,59.661865234375,21.392822265625,-41.748046875
-1.7119140625,0.3924560546875,0.0433349609375,145.5078125,7.0953369140625,-31.3720703125
-1.6767578125,0.3968505859375,-0.013916015625,181.1065673828125,3.204345703125,-24.6429443359375
-1.658447265625,0.3966064453125,-0.0794677734375,171.81396484375,6.195068359375,-23.468017578125
-1.685546875,0.38623046875,-0.0782470703125,131.0882568359375,23.8800048828125,-24.871826171875
-1.7210693359375,0.385986328125,-0.056640625,82.5347900390625,40.71044921875,-29.296875
-1.7386474609375,0.3992919921875,-0.013671875,44.25048828125,50.78125,-33.6761474609375
-1.7501220703125,0.38623046875,-0.0147705078125,32.8369140625,51.1474609375,-33.233642578125
-1.7515869140625,0.394287109375,-0.031982421875,56.3507080078125,41.3818359375,-29.84619140625
-1.7562255859375,0.4027099609375,-0.05908203125,96.3134765625,30.8074951171875,-26.9927978515625
-1.7657470703125,0.4049072265625,-0.0921630859375,124.69482421875,23.712158203125,-27.3590087890625
-1.7708740234375,0.4036865234375,-0.1260986328125,132.415771484375,21.2249755859375,-30.4107666015625
-1.7750244140625,0.4112548828125,-0.12646484375,121.8414306640625,24.658203125,-33.99658203125
-1.78076171875,0.40869140625,-0.13037109375,102.569580078125,28.350830078125,-37.78076171875
-1.7796630859375,0.395751953125,-0.1287841796875,83.099365234375,29.3121337890625,-40.6494140625
-1.779541015625,0.377685546875,-0.1300048828125,71.8536376953125,28.38134765625,-42.816162109375
-1.7698974609375,0.3643798828125,-0.1173095703125,74.0966796875,26.6876220703125,-46.8902587890625
-1.7579345703125,0.360595703125,-0.1324462890625,85.418701171875,22.857666015625,-50.10986328125
-1.745361328125,0.353759765625,-0.121337890625,102.7984619140625,18.7530517578125,-52.0172119140625
-1.72216796875,0.3424072265625,-0.120849609375,119.415283203125,12.87841796875,-54.4281005859375
-1.6966552734375,0.3326416015625,-0.121337890625,130.4473876953125,10.3912353515625,-59.417724609375
-1.6605224609375,0.3311767578125,-0.119140625,131.77490234375,10.9405517578125,-68.359375
-1.61083984375,0.3385009765625,-0.124755859375,122.894287109375,15.655517578125,-80.2459716796875
-1.560302734375,0.3446044921875,-0.1173095703125,109.5123291015625,24.993896484375,-90.75927734375
-1.5078125,0.3497314453125,-0.1036376953125,98.602294921875,35.58349609375,-98.8922119140625
-1.4691162109375,0.3529052734375,-0.0888671875,92.8192138671875,45.989990234375,-104.3701171875
-1.43310546875,0.353515625,-0.072021484375,93.8720703125,55.48095703125,-107.23876953125
-1.40380859375,0.3558349609375,-0.062255859375,101.7913818359375,62.9119873046875,-107.60498046875
-1.3719482421875,0.354736328125,-0.0518798828125,114.9444580078125,68.5882568359375,-106.2164306640625
-1.3397216796875,0.3526611328125,-0.04296875,123.5504150390625,73.4405517578125,-103.69873046875
-1.308837890625,0.34814453125,-0.03759765625,124.5269775390625,77.45361328125,-101.0589599609375
-1.275634765625,0.3348388671875,-0.0216064453125,117.0654296875,80.7647705078125,-98.846435546875
-1.236572265625,0.318115234375,-0.017578125,108.489990234375,81.1767578125,-96.9696044921875
-1.1983642578125,0.3031005859375,-0.015625,101.9134521484375,79.833984375,-95.7489013671875
-1.1583251953125,0.2913818359375,-0.0174560546875,96.3897705078125,77.33154296875,-95.88623046875
-1.1180419921875,0.280029296875,-0.024658203125,91.6290283203125,74.2645263671875,-96.5118408203125
-1.0670166015625,0.267333984375,-0.021240234375,87.3260498046875,71.1669921875,-97.16796875
-1.018310546875,0.2545166015625,-0.0194091796875,82.4737548828125,67.9931640625,-97.59521484375
-0.9683837890625,0.240234375,-0.0181884765625,75.469970703125,64.3157958984375,-97.1832275390625
-0.91650390625,0.2247314453125,-0.003662109375,67.5811767578125,60.516357421875,-96.3897705078125
-0.8726806640625,0.2158203125,-0.0009765625,59.722900390625,56.21337890625,-95.672607421875
-0.832275390625,0.2086181640625,-0.0032958984375,53.1768798828125,51.08642578125,-94.4366455078125
-0.7977294921875,0.194091796875,0.004150390625,49.8504638671875,45.1812744140625,-92.6361083984375
-0.7647705078125,0.1971435546875,-0.0113525390625,51.57470703125,38.055419921875,-91.3848876953125
-0.7371826171875,0.1900634765625,-0.005126953125,54.26025390625,29.8919677734375,-89.0655517578125
-0.700927734375,0.1942138671875,-0.0047607421875,56.8389892578125,21.7437744140625,-86.1663818359375
-0.670654296875,0.1937255859375,0.0013427734375,56.15234375,13.4429931640625,-82.3516845703125
-0.64208984375,0.194091796875,-0.0003662109375,50.811767578125,5.5999755859375,-77.6824951171875
-0.618408203125,0.190673828125,0.007568359375,39.61181640625,-1.0528564453125,-72.174072265625
-0.595703125,0.186279296875,0.0068359375,26.0467529296875,-6.8206787109375,-66.162109375
-0.5718994140625,0.1800537109375,0.0054931640625,17.5323486328125,-12.3291015625,-59.4635009765625
-0.5546875,0.1744384765625,0.0115966796875,15.8843994140625,-17.39501953125,-52.6885986328125
-0.5396728515625,0.1700439453125,0.01220703125,16.510009765625,-23.1170654296875,-46.38671875
-0.5352783203125,0.1668701171875,0.0181884765625,16.11328125,-28.4271240234375,-40.5426025390625
-0.53173828125,0.1658935546875,0.0228271484375,11.16943359375,-33.5693359375,-35.1715087890625
-0.529296875,0.1654052734375,0.0177001953125,1.0986328125,-37.3077392578125,-30.2581787109375
-0.5250244140625,0.163818359375,0.0179443359375,-11.566162109375,-41.3055419921875,-25.8636474609375
-0.5198974609375,0.163330078125,0.0133056640625,-20.843505859375,-45.379638671875,-21.30126953125
-0.5146484375,0.164794921875,0.0264892578125,-22.7203369140625,-49.8504638671875,-16.11328125
-0.511474609375,0.1669921875,0.0205078125,-19.989013671875,-54.840087890625,-9.82666015625
-0.5166015625,0.1683349609375,0.0216064453125,-13.7481689453125,-59.5855712890625,-1.739501953125
-0.51953125,0.167724609375,0.025390625,-8.7890625,-64.117431640625,7.14111328125
-0.527587890625,0.1739501953125,0.0078125,-6.6070556640625,-68.328857421875,15.7470703125
-0.5469970703125,0.1815185546875,0.0057373046875,-8.0413818359375,-72.08251953125,24.9481201171875
-0.571533203125,0.1849365234375,0.0009765625,-16.265869140625,-75.653076171875,33.966064453125
-0.603759765625,0.181640625,0.007080078125,-27.0538330078125,-79.0557861328125,43.5943603515625
-0.63232421875,0.17919921875,0.0096435546875,-35.9649658203125,-83.343505859375,52.6580810546875
-0.667724609375,0.178955078125,0.013916015625,-41.168212890625,-89.019775390625,61.065673828125
-0.703125,0.1748046875,0.025146484375,-43.060302734375,-96.2982177734375,69.122314453125
-0.7496337890625,0.1763916015625,0.01953125,-42.083740234375,-106.170654296875,76.35498046875
-0.802734375,0.1795654296875,0.0274658203125,-36.0107421875,-117.4774169921875,84.04541015625
-0.862548828125,0.1939697265625,0.0074462890625,-32.40966796875,-129.6539306640625,91.2017822265625
-0.9332275390625,0.20703125,-0.006103515625,-35.15625,-139.9688720703125,98.8006591796875
-1.0079345703125,0.2159423828125,-0.01806640625,-46.9512939453125,-149.96337890625,105.5908203125
-1.08544921875,0.220703125,-0.025634765625,-61.279296875,-160.491943359375,111.5264892578125
-1.1666259765625,0.232421875,-0.0330810546875,-72.784423828125,-171.600341796875,115.17333984375
-1.2354736328125,0.2381591796875,-0.04443359375,-80.169677734375,-181.21337890625,117.919921875
-1.2984619140625,0.245849609375,-0.057861328125,-85.26611328125,-188.323974609375,120.6817626953125
-1.36767578125,0.2586669921875,-0.0767822265625,-83.67919921875,-196.624755859375,122.528076171875
-1.442626953125,0.2718505859375,-0.08642578125,-79.833984375,-203.2470703125,124.9847412109375
-1.5294189453125,0.287109375,-0.1004638671875,-76.0650634765625,-211.5631103515625,129.669189453125
-1.6041259765625,0.3017578125,-0.1209716796875,-76.9805908203125,-217.9412841796875,134.613037109375
-1.6661376953125,0.3214111328125,-0.1435546875,-84.4268798828125,-222.0306396484375,138.214111328125
-1.7313232421875,0.3245849609375,-0.15771484375,-96.1151123046875,-223.724365234375,140.31982421875
-1.7900390625,0.32666015625,-0.16455078125,-110.0311279296875,-223.6480712890625,141.0980224609375
-1.83984375,0.3197021484375,-0.163818359375,-120.635986328125,-224.0753173828125,140.0299072265625
-1.8818359375,0.317626953125,-0.1658935546875,-122.1160888671875,-224.9908447265625,137.8631591796875
-1.91845703125,0.322509765625,-0.156494140625,-117.5384521484375,-225.6927490234375,135.101318359375
-1.94677734375,0.3206787109375,-0.157958984375,-111.75537109375,-224.853515625,132.598876953125
-1.9664306640625,0.3212890625,-0.168212890625,-103.240966796875,-222.3663330078125,130.18798828125
-1.9697265625,0.3172607421875,-0.1763916015625,-95.9320068359375,-215.1947021484375,127.5482177734375
-1.962158203125,0.3143310546875,-0.177001953125,-91.3848876953125,-205.718994140625,123.1689453125
-1.943359375,0.306640625,-0.1673583984375,-88.775634765625,-196.197509765625,117.0196533203125
-1.9224853515625,0.3037109375,-0.1724853515625,-86.6546630859375,-189.1326904296875,109.43603515625
-1.9000244140625,0.3023681640625,-0.173828125,-85.75439453125,-184.1583251953125,101.0284423828125
-1.8782958984375,0.3040771484375,-0.175048828125,-84.65576171875,-181.0150146484375,92.9412841796875
-1.856689453125,0.3043212890625,-0.1827392578125,-83.31298828125,-178.192138671875,85.205078125
-1.8388671875,0.311279296875,-0.1881103515625,-80.8868408203125,-173.7060546875,78.3233642578125
-1.828125,0.3106689453125,-0.18994140625,-77.94189453125,-167.8009033203125,73.516845703125
-1.82373046875,0.3072509765625,-0.185546875,-74.859619140625,-162.3687744140625,70.068359375
-1.8236083984375,0.3126220703125,-0.18701171875,-72.4639892578125,-157.77587890625,66.9097900390625
-1.8304443359375,0.31689453125,-0.19140625,-69.27490234375,-153.9154052734375,63.4918212890625
-1.830078125,0.3203125,-0.196044921875,-64.666748046875,-148.834228515625,60.089111328125
-1.8287353515625,0.3189697265625,-0.1990966796875,-60.943603515625,-141.8609619140625,57.342529296875
-1.8214111328125,0.32080078125,-0.19873046875,-59.8602294921875,-133.331298828125,54.4586181640625
-1.819091796875,0.32470703125,-0.19189453125,-60.699462890625,-123.96240234375,52.1087646484375
-1.8243408203125,0.329345703125,-0.175048828125,-63.2781982421875,-114.68505859375,50.9185791015625
-1.82470703125,0.32470703125,-0.1654052734375,-66.6351318359375,-106.353759765625,50.3997802734375
-1.824462890625,0.326171875,-0.15087890625,-69.6868896484375,-98.663330078125,49.896240234375
-1.818603515625,0.323974609375,-0.130126953125,-71.7926025390625,-92.4224853515625,50.445556640625
-1.795166015625,0.314453125,-0.1015625,-71.746826171875,-88.56201171875,50.9796142578125
-1.7664794921875,0.3055419921875,-0.081298828125,-67.840576171875,-89.4927978515625,50.1708984375
-1.7315673828125,0.3131103515625,-0.07177734375,-56.854248046875,-92.498779296875,48.7518310546875
-1.6971435546875,0.311279296875,-0.07421875,-44.8760986328125,-97.076416015625,48.40087890625
-1.6671142578125,0.316162109375,-0.0771484375,-34.97314453125,-102.3101806640625,48.248291015625
-1.631103515625,0.3194580078125,-0.0826416015625,-27.008056640625,-108.9935302734375,48.2635498046875
-1.5902099609375,0.318603515625,-0.082275390625,-22.857666015625,-116.27197265625,48.431396484375
-1.5406494140625,0.3082275390625,-0.085205078125,-22.0489501953125,-123.4893798828125,49.6368408203125
-1.48291015625,0.296875,-0.081787109375,-22.979736328125,-130.1116943359375,51.300048828125
-1.42626953125,0.2802734375,-0.0689697265625,-22.64404296875,-137.176513671875,53.5888671875
-1.3712158203125,0.2645263671875,-0.05517578125,-19.3939208984375,-145.355224609375,55.1300048828125
-1.32373046875,0.2532958984375,-0.0472412109375,-12.603759765625,-154.296875,56.549072265625
-1.283935546875,0.2464599609375,-0.0462646484375,-4.302978515625,-163.4063720703125,58.8836669921875
-1.2545166015625,0.2432861328125,-0.0531005859375,2.86865234375,-171.5545654296875,61.5386962890625
-1.229248046875,0.241455078125,-0.0665283203125,6.2408447265625,-177.9632568359375,64.2242431640625
-1.2017822265625,0.2418212890625,-0.0810546875,3.875732421875,-182.0068359375,67.2149658203125
-1.179443359375,0.2423095703125,-0.0966796875,-5.1422119140625,-183.59375,70.4345703125
-1.1597900390625,0.234619140625,-0.114013671875,-18.8140869140625,-182.647705078125,73.6541748046875
-1.1385498046875,0.234619140625,-0.11767578125,-33.1573486328125,-180.0994873046875,76.5533447265625
-1.1280517578125,0.2366943359375,-0.11279296875,-48.9349365234375,-176.422119140625,79.7271728515625
-1.1092529296875,0.2305908203125,-0.1116943359375,-61.553955078125,-173.3551025390625,83.526611328125
-1.1033935546875,0.2271728515625,-0.100830078125,-68.2830810546875,-170.379638671875,87.493896484375
-1.0875244140625,0.2200927734375,-0.0908203125,-69.427490234375,-168.8079833984375,91.9036865234375
-1.0714111328125,0.2034912109375,-0.0804443359375,-65.8111572265625,-167.7398681640625,96.343994140625
-1.0413818359375,0.18359375,-0.0723876953125,-59.1888427734375,-167.7398681640625,98.358154296875
-1.012451171875,0.1697998046875,-0.072265625,-49.98779296875,-168.39599609375,97.7783203125
-0.9678955078125,0.156494140625,-0.07666015625,-37.3992919921875,-168.5791015625,95.4132080078125
-0.914794921875,0.1458740234375,-0.085205078125,-25.726318359375,-167.2515869140625,92.3309326171875
-0.859130859375,0.1397705078125,-0.07958984375,-17.181396484375,-164.6881103515625,89.5538330078125
-0.802978515625,0.1302490234375,-0.0791015625,-12.908935546875,-161.0260009765625,86.7919921875
-0.752685546875,0.119384765625,-0.0799560546875,-8.72802734375,-156.494140625,83.526611328125
-0.714599609375,0.11767578125,-0.0697021484375,-7.01904296875,-151.0162353515625,79.6051025390625
-0.662841796875,0.1019287109375,-0.081298828125,-10.467529296875,-144.500732421875,74.89013671875
-0.620361328125,0.09765625,-0.065185546875,-7.659912109375,-138.671875,70.00732421875
-0.5823974609375,0.0924072265625,-0.0682373046875,-3.021240234375,-133.880615234375,65.4754638671875
-0.553955078125,0.0902099609375,-0.0506591796875,0.0457763671875,-129.638671875,61.9049072265625
-0.5247802734375,0.085693359375,-0.0557861328125,0.2288818359375,-126.617431640625,59.3414306640625
-0.501953125,0.079833984375,-0.0626220703125,4.6539306640625,-124.08447265625,57.830810546875
-0.4881591796875,0.0760498046875,-0.0611572265625,9.1094970703125,-121.124267578125,55.938720703125
-0.4776611328125,0.0753173828125,-0.060791015625,11.0931396484375,-117.7520751953125,52.825927734375
-0.466552734375,0.0743408203125,-0.0628662109375,6.8359375,-113.0218505859375,49.0875244140625
-0.45849609375,0.076171875,-0.0693359375,-2.6702880859375,-107.818603515625,45.71533203125
-0.4522705078125,0.07568359375,-0.0723876953125,-13.580322265625,-101.7608642578125,42.8619384765625
-0.44580078125,0.0740966796875,-0.0811767578125,-21.881103515625,-95.6573486328125,40.6036376953125
-0.4373779296875,0.0704345703125,-0.0882568359375,-24.200439453125,-89.4927978515625,38.909912109375
-0.4298095703125,0.067626953125,-0.0926513671875,-19.0887451171875,-83.709716796875,37.59765625
-0.4219970703125,0.0626220703125,-0.093994140625,-9.765625,-78.155517578125,36.5447998046875
-0.4171142578125,0.0579833984375,-0.0933837890625,0.335693359375,-72.4334716796875,35.247802734375
-0.412841796875,0.0577392578125,-0.0684814453125,4.9896240234375,-65.3533935546875,33.2183837890625
-0.4049072265625,0.05029296875,-0.0791015625,1.9989013671875,-58.807373046875,29.937744140625
-0.4000244140625,0.0443115234375,-0.0723876953125,0.5645751953125,-51.513671875,25.7110595703125
-0.3985595703125,0.039306640625,-0.0809326171875,0.518798828125,-45.2117919921875,20.5841064453125
-0.4029541015625,0.0379638671875,-0.0789794921875,3.631591796875,-38.8336181640625,15.1824951171875
-0.4134521484375,0.0362548828125,-0.0877685546875,8.3465576171875,-32.4554443359375,9.3994140625
-0.4310302734375,0.0396728515625,-0.093505859375,13.885498046875,-25.390625,2.899169921875
-0.4583740234375,0.040771484375,-0.101806640625,20.1873779296875,-17.7001953125,-4.119873046875
-0.4954833984375,0.0469970703125,-0.1146240234375,28.2440185546875,-9.5977783203125,-12.02392578125
-0.5333251953125,0.0479736328125,-0.1275634765625,35.369873046875,-0.244140625,-19.9127197265625
-0.5672607421875,0.042236328125,-0.1204833984375,44.677734375,9.46044921875,-27.5726318359375
-0.6107177734375,0.0367431640625,-0.1240234375,62.3931884765625,15.655517578125,-35.9954833984375
-0.6629638671875,0.0355224609375,-0.1260986328125,86.639404296875,22.64404296875,-46.630859375
-0.7225341796875,0.0311279296875,-0.1182861328125,115.0054931640625,30.9295654296875,-59.1888427734375
-0.792236328125,0.0439453125,-0.122802734375,149.0631103515625,39.306640625,-74.371337890625
-0.8800048828125,0.0625,-0.1182861328125,173.858642578125,49.6673583984375,-93.292236328125
-0.9737548828125,0.0919189453125,-0.1341552734375,187.164306640625,61.70654296875,-115.90576171875
-1.10302734375,0.1229248046875,-0.117919921875,190.3533935546875,73.4405517578125,-139.6026611328125
-1.2347412109375,0.1552734375,-0.1046142578125,186.4471435546875,83.7249755859375,-164.6575927734375
-1.370849609375,0.194580078125,-0.0714111328125,181.6864013671875,89.202880859375,-189.5599365234375
-1.5234375,0.2265625,-0.1219482421875,176.3153076171875,95.794677734375,-213.104248046875
-1.672119140625,0.2734375,-0.0831298828125,178.924560546875,100.76904296875,-235.4736328125
-1.8233642578125,0.3123779296875,-0.0804443359375,178.03955078125,105.5908203125,-255.9356689453125
-1.951904296875,0.3514404296875,-0.0693359375,175.2777099609375,112.3199462890625,-275.634765625
-2.0469970703125,0.3843994140625,-0.06787109375,170.6085205078125,120.880126953125,-293.670654296875
-2.114501953125,0.413818359375,-0.0594482421875,167.05322265625,126.617431640625,-307.8765869140625
-2.150146484375,0.4521484375,-0.060791015625,167.41943359375,126.800537109375,-316.619873046875
-2.1768798828125,0.493896484375,-0.0621337890625,171.478271484375,122.1160888671875,-318.17626953125
-2.2061767578125,0.5233154296875,-0.044921875,168.8385009765625,114.654541015625,-312.5
-2.2342529296875,0.54638671875,-0.0067138671875,167.1600341796875,105.1483154296875,-300.4608154296875
-2.2359619140625,0.560791015625,0.0142822265625,176.1932373046875,92.5445556640625,-284.0728759765625
-2.26025390625,0.59716796875,-0.0655517578125,160.0494384765625,81.146240234375,-267.547607421875
-2.2901611328125,0.5078125,-0.082275390625,114.166259765625,82.305908203125,-251.5106201171875
-2.30322265625,0.508056640625,-0.1143798828125,77.392578125,78.1402587890625,-238.8916015625
-2.282470703125,0.5120849609375,-0.1004638671875,44.2352294921875,71.59423828125,-225.89111328125
-2.2508544921875,0.4771728515625,-0.074951171875,5.2947998046875,65.6890869140625,-212.1429443359375
-2.213134765625,0.4744873046875,-0.043212890625,-35.9649658203125,59.0057373046875,-202.4383544921875
-2.1644287109375,0.48486328125,0.006103515625,-63.690185546875,51.055908203125,-195.4803466796875
-2.105712890625,0.4652099609375,-0.0064697265625,-69.732666015625,40.8935546875,-188.7054443359375
-2.0330810546875,0.4620361328125,0.0048828125,-48.736572265625,30.7769775390625,-179.5501708984375
-1.968505859375,0.4581298828125,-0.0223388671875,-7.0648193359375,21.6064453125,-167.3431396484375
-1.918701171875,0.4583740234375,-0.042236328125,44.464111328125,14.9688720703125,-153.38134765625
-1.8785400390625,0.47705078125,-0.0458984375,88.1805419921875,13.0615234375,-139.434814453125
-1.843505859375,0.4793701171875,-0.056396484375,117.24853515625,11.5509033203125,-124.542236328125
-1.81298828125,0.48388671875,-0.04736328125,134.0179443359375,10.7574462890625,-107.9864501953125
-1.814453125,0.4683837890625,-0.0455322265625,147.03369140625,7.0953369140625,-90.423583984375
-1.833740234375,0.4736328125,-0.03857421875,164.36767578125,1.5106201171875,-74.03564453125
-1.8563232421875,0.449951171875,-0.0355224609375,181.2591552734375,-3.509521484375,-57.6019287109375
-1.8741455078125,0.4287109375,-0.0283203125,196.0601806640625,-8.5906982421875,-43.3197021484375
-1.8775634765625,0.41259765625,-0.02783203125,208.80126953125,-14.22119140625,-31.7840576171875
-1.8675537109375,0.411376953125,-0.019287109375,216.705322265625,-19.500732421875,-21.8353271484375
-1.8564453125,0.364501953125,-0.01806640625,215.9881591796875,-25.2685546875,-8.9111328125
-1.8460693359375,0.32373046875,-0.0185546875,201.9805908203125,-23.8037109375,3.6468505859375
-1.8236083984375,0.301025390625,-0.0223388671875,178.1005859375,-20.355224609375,11.199951171875
-1.8023681640625,0.266357421875,-0.0208740234375,149.59716796875,-16.9830322265625,11.474609375
-1.75732421875,0.24365234375,-0.0660400390625,124.57275390625,-14.70947265625,4.608154296875
-1.6962890625,0.218505859375,-0.05419921875,103.1036376953125,-11.8255615234375,-7.38525390625
-1.6336669921875,0.203369140625,-0.0806884765625,89.90478515625,-15.0604248046875,-23.6968994140625
-1.575439453125,0.1842041015625,-0.093017578125,85.6781005859375,-18.5394287109375,-42.3736572265625
-1.510009765625,0.178955078125,-0.0960693359375,94.3756103515625,-28.9764404296875,-62.9425048828125
-1.470458984375,0.175048828125,-0.1055908203125,106.8267822265625,-36.92626953125,-84.3353271484375
-1.4412841796875,0.1739501953125,-0.119384765625,112.2589111328125,-46.32568359375,-106.597900390625
-1.427734375,0.1787109375,-0.068115234375,112.701416015625,-54.3975830078125,-129.547119140625
-1.424072265625,0.1868896484375,-0.0897216796875,125.4730224609375,-66.650390625,-150.726318359375
-1.4246826171875,0.1939697265625,-0.072265625,119.903564453125,-75.4547119140625,-170.654296875
-1.4337158203125,0.2083740234375,-0.07958984375,110.77880859375,-82.6568603515625,-191.58935546875
-1.448486328125,0.22265625,-0.0648193359375,99.3804931640625,-88.8519287109375,-211.456298828125
-1.4534912109375,0.2337646484375,-0.07177734375,90.728759765625,-93.658447265625,-227.35595703125
-1.451904296875,0.250244140625,-0.0802001953125,79.9102783203125,-94.1925048828125,-240.0970458984375
-1.4339599609375,0.2659912109375,-0.096435546875,64.7430419921875,-90.118408203125,-250.2288818359375
-1.4049072265625,0.2734375,-0.0933837890625,49.530029296875,-83.1756591796875,-257.6446533203125
-1.3824462890625,0.2801513671875,-0.0870361328125,46.7071533203125,-75.286865234375,-262.1307373046875
-1.3515625,0.2918701171875,-0.094970703125,46.6156005859375,-68.4814453125,-263.9007568359375
-1.3087158203125,0.3067626953125,-0.1119384765625,54.26025390625,-62.957763671875,-262.0697021484375
-1.2723388671875,0.3133544921875,-0.0810546875,53.1768798828125,-59.295654296875,-255.767822265625
-1.226318359375,0.31201171875,-0.0833740234375,67.0318603515625,-60.302734375,-244.20166015625
-1.171875,0.3006591796875,-0.0841064453125,68.389892578125,-60.4400634765625,-229.30908203125
-1.12109375,0.2835693359375,-0.0888671875,61.3250732421875,-59.26513671875,-213.43994140625
-1.068115234375,0.2625732421875,-0.097412109375,48.5076904296875,-58.685302734375,-201.0345458984375
-1.021484375,0.247314453125,-0.1011962890625,40.7867431640625,-57.3577880859375,-192.3065185546875
-0.975341796875,0.235595703125,-0.103271484375,42.7093505859375,-56.1370849609375,-186.004638671875
-0.9189453125,0.2288818359375,-0.1024169921875,52.4139404296875,-54.595947265625,-179.2144775390625
-0.861083984375,0.218017578125,-0.0850830078125,63.9801025390625,-52.3834228515625,-171.4935302734375
-0.8021240234375,0.2060546875,-0.0723876953125,77.6519775390625,-50.7659912109375,-163.0401611328125
-0.7410888671875,0.1990966796875,-0.0498046875,87.7227783203125,-49.774169921875,-154.693603515625
-0.68701171875,0.19677734375,-0.027587890625,95.703125,-49.346923828125,-146.7437744140625
-0.639404296875,0.1947021484375,-0.0111083984375,92.041015625,-49.163818359375,-138.6260986328125
-0.599853515625,0.1903076171875,0.0001220703125,78.0181884765625,-48.4161376953125,-130.2337646484375
-0.5631103515625,0.186279296875,0.0098876953125,60.028076171875,-47.4853515625,-121.6888427734375
-0.52587890625,0.1778564453125,0.0174560546875,43.8385009765625,-47.5006103515625,-112.1978759765625
-0.4947509765625,0.1715087890625,0.0247802734375,34.912109375,-48.7213134765625,-102.6611328125
-0.467529296875,0.1669921875,0.0306396484375,35.125732421875,-51.971435546875,-92.803955078125
-0.4451904296875,0.1649169921875,0.034912109375,41.0308837890625,-56.7779541015625,-82.489013671875
-0.4169921875,0.1636962890625,0.037841796875,46.7529296875,-62.0269775390625,-71.746826171875
-0.39208984375,0.1617431640625,0.0390625,50.018310546875,-66.7877197265625,-60.1654052734375
-0.3797607421875,0.1595458984375,0.043701171875,51.239013671875,-70.5718994140625,-47.9278564453125
-0.3702392578125,0.1544189453125,0.04248046875,52.79541015625,-75.9735107421875,-35.430908203125
-0.36474609375,0.150146484375,0.0350341796875,54.290771484375,-81.2530517578125,-23.6358642578125
-0.3638916015625,0.147705078125,0.02734375,53.680419921875,-84.1827392578125,-13.18359375
-0.367431640625,0.1484375,0.0208740234375,49.7894287109375,-84.3963623046875,-3.662109375
-0.372314453125,0.1490478515625,0.0145263671875,41.0919189453125,-81.939697265625,5.2490234375
-0.3743896484375,0.1500244140625,0.009765625,28.2440185546875,-77.1484375,13.6566162109375
-0.3817138671875,0.15380859375,0.0059814453125,15.228271484375,-70.5718994140625,22.1099853515625
-0.39208984375,0.15869140625,0.006103515625,5.0201416015625,-63.53759765625,31.43310546875
-0.410888671875,0.1649169921875,0.0050048828125,-0.885009765625,-57.708740234375,42.29736328125
-0.4364013671875,0.172607421875,0.00244140625,-2.4871826171875,-52.825927734375,55.11474609375
-0.470458984375,0.1829833984375,-0.0003662109375,-3.204345703125,-48.15673828125,69.2596435546875
-0.49951171875,0.1903076171875,-0.0045166015625,-6.195068359375,-43.6859130859375,84.77783203125
-0.5367431640625,0.19921875,-0.0087890625,-12.451171875,-38.0401611328125,101.3031005859375
-0.580322265625,0.2064208984375,-0.0098876953125,-20.9808349609375,-31.6619873046875,118.896484375
-0.626953125,0.2105712890625,-0.0113525390625,-30.76171875,-25.93994140625,137.0697021484375
-0.6854248046875,0.2181396484375,-0.012939453125,-40.008544921875,-21.2249755859375,155.0750732421875
-0.7467041015625,0.2275390625,-0.011962890625,-49.25537109375,-17.2882080078125,173.6602783203125
-0.8084716796875,0.234619140625,-0.0155029296875,-59.5245361328125,-15.7470703125,193.084716796875
-0.8907470703125,0.245849609375,-0.0172119140625,-71.77734375,-15.9912109375,211.9140625
-0.9981689453125,0.2637939453125,-0.018310546875,-86.4715576171875,-19.134521484375,230.865478515625
-1.12548828125,0.2806396484375,-0.02978515625,-102.47802734375,-26.7181396484375,252.655029296875
-1.27587890625,0.297607421875,-0.0462646484375,-115.203857421875,-36.651611328125,276.18408203125
-1.4407958984375,0.3145751953125,-0.066650390625,-120.5902099609375,-47.454833984375,300.750732421875
-1.6131591796875,0.3321533203125,-0.08447265625,-120.2545166015625,-57.3883056640625,325.0274658203125
-1.784423828125,0.3489990234375,-0.10546875,-120.60546875,-65.1397705078125,346.527099609375
-1.9427490234375,0.3641357421875,-0.125732421875,-124.481201171875,-69.5953369140625,363.3575439453125
-2.0836181640625,0.25537109375,-0.167236328125,-131.7291259765625,-69.7021484375,373.7945556640625
-2.1644287109375,0.2921142578125,-0.1661376953125,-136.3677978515625,-67.291259765625,376.2969970703125
-2.21533203125,0.3099365234375,-0.1650390625,-140.716552734375,-64.5751953125,377.2430419921875
-2.233154296875,0.3148193359375,-0.1632080078125,-138.8397216796875,-62.744140625,374.969482421875
-2.22998046875,0.3135986328125,-0.160888671875,-126.678466796875,-62.530517578125,368.3929443359375
-2.20849609375,0.309326171875,-0.156494140625,-107.2998046875,-63.140869140625,357.91015625
-2.1689453125,0.3031005859375,-0.152587890625,-90.0115966796875,-63.2171630859375,343.048095703125
-2.1024169921875,0.29150390625,-0.1456298828125,-81.8939208984375,-62.3321533203125,324.127197265625
-2.0191650390625,0.25390625,-0.13427734375,-82.794189453125,-60.760498046875,302.55126953125
-1.9176025390625,0.2391357421875,-0.12353515625,-89.874267578125,-60.6842041015625,278.7628173828125
-1.8309326171875,0.220703125,-0.114013671875,-102.2796630859375,-62.652587890625,253.2806396484375
-1.7596435546875,0.2039794921875,-0.1097412109375,-110.5194091796875,-66.8487548828125,225.3570556640625
-1.7025146484375,0.198486328125,-0.1070556640625,-110.443115234375,-72.4639892578125,195.3125
-1.660888671875,0.2042236328125,-0.107666015625,-104.4158935546875,-78.0181884765625,165.557861328125
-1.6331787109375,0.2169189453125,-0.110107421875,-97.686767578125,-81.7413330078125,138.5040283203125
-1.6083984375,0.2298583984375,-0.1131591796875,-93.017578125,-82.33642578125,115.3564453125
-1.62158203125,0.261474609375,-0.11181640625,-91.1712646484375,-80.230712890625,97.3968505859375
-1.703857421875,-0.097900390625,-0.09814453125,-89.2181396484375,-79.2388916015625,95.7794189453125
-1.738037109375,-0.0009765625,-0.1109619140625,-78.6285400390625,-78.79638671875,84.1827392578125
-1.797607421875,0.0928955078125,-0.12548828125,-69.305419921875,-76.080322265625,66.8792724609375
-1.8427734375,0.169921875,-0.13134765625,-67.32177734375,-67.19970703125,52.1087646484375
-1.8765869140625,0.06494140625,-0.1300048828125,-77.8350830078125,-55.6182861328125,41.80908203125
-1.872802734375,0.0706787109375,-0.126953125,-102.9052734375,-40.46630859375,24.6429443359375
-1.85595703125,0.0738525390625,-0.121826171875,-119.8577880859375,-28.900146484375,8.270263671875
-1.8349609375,0.083251953125,-0.1181640625,-122.772216796875,-22.3236083984375,-3.2806396484375
-1.81201171875,0.13916015625,-0.1072998046875,-113.22021484375,-20.0347900390625,-8.6669921875
